target_address,target_size,th06_address,th06_name,th08_address,th08_name,name_agreement,normalized_sha256,exact_bytes,evidence
0x00401000,173,,,0x00406940,D3DXMatrixIdentity,false,915954f6876644802dc8cd6a2a2f9c8afb0ec17accd2f5cb4783f09ec9a8f6d1,true,unique relocation-aware instruction identity with TH08
0x004010B0,52,,,0x00406660,th08::ZunTimer::TickImpl,false,00188e2a8000d415997c27eb0bf66c1db864f57075f355e4c322ba39797c530c,false,unique relocation-aware instruction identity with TH08
0x00402060,68,,,0x00402A30,th08::AsciiManager::AddFormatText,false,4c185732218045624380fac5b9a076508fa2f2bd25870417684aac0923fc8db5,false,unique relocation-aware instruction identity with TH08
0x004052D0,152,,,0x00408FC0,FUN_00408fc0,false,5afe40b8e90d4c04195cd3116732b2116d629e714098b253b27b9c0ff2177312,false,unique relocation-aware instruction identity with TH08
0x004075D0,50,0x00404650,th06::Stage::CutChain,,,false,37e696b22ef26af9fcf679f3d0f86d3674e74785c2b42171f3dbc18a0a0ede9d,false,unique relocation-aware instruction identity with TH06
0x0040E4F0,50,0x00407400,th06::EclManager::Unload,,,false,2f8fdc69cff1863b065e9a2f2d28b0b8fc74ace0016b57dfcd2b28f4988e3c60,false,unique relocation-aware instruction identity with TH06
0x0040FB30,89,,,0x00421120,FUN_00421120,false,5f3c8a395a215a07f09b92d5d359947bd545b22630b54ff1f20ce48bb104997a,false,unique relocation-aware instruction identity with TH08
0x0040FB90,256,,,0x00421180,FUN_00421180,false,91de93e0747cbc7726aa7428b9e42347d034433999800f6487a6d410f27b848d,false,unique relocation-aware instruction identity with TH08
0x00417AF0,33,,,0x00433880,FUN_00433880,false,7b967e862453eb9f3d2350a44624352f8a404e554bc286cd486705e98f3e760a,true,unique relocation-aware instruction identity with TH08
0x0041C1B0,16,,,0x00427250,FUN_00427250,false,ea16450344992218e158d8f670aa98abcb52d7bed0f4ebd039b136f9eb30e1b7,true,unique relocation-aware instruction identity with TH08
0x004220F0,114,,,0x0042EB10,FUN_0042eb10,false,f0ba6ba5b1088e10c53ccdd946e1d25b5ba081f5868cb4e8fb9be20d40df3ef5,false,unique relocation-aware instruction identity with TH08
0x00422CA0,23,,,0x0042E120,th08::EnemyManager::OnDrawHighPrio,false,6b3a51f882ed22389b5b195214abc9e8deb16a15189083e8d627980385526df8,false,unique relocation-aware instruction identity with TH08
0x00423050,50,0x00404650,th06::Stage::CutChain,,,false,37e696b22ef26af9fcf679f3d0f86d3674e74785c2b42171f3dbc18a0a0ede9d,false,unique relocation-aware instruction identity with TH06
0x00429A36,25,,,0x00439810,FUN_00439810,false,f13fcdac96d676b9849006c8bf3e373c1ae052c480b9383b0fe49af744828d7a,false,unique relocation-aware instruction identity with TH08
0x0042D03A,17,0x0041E981,th06::TextHelper::~TextHelper,,,false,8679873dbbd77e78fca32bb2a3440d29555b0311348f023239a7fc128d38cd48,false,unique relocation-aware instruction identity with TH06
0x0042D6D8,130,0x0041B5E1,th06::GameManager::IsInBounds,0x004399AC,th08::GameManager::IsWithinPlayfield,false,fd90e3d8143e2428a5beaadb68113da4543fb701e865e951caff2a5b187d1949,false,unique relocation-aware instruction identity with TH06; unique relocation-aware instruction identity with TH08
0x0042E81B,35,,,0x0043BE09,FUN_0043be09,false,7cf7b7a95b3172a1368b958acea88918f2f16ad675e2c9660dd54e21274d6505,true,unique relocation-aware instruction identity with TH08
0x0042FA60,75,0x0041C6D0,th06::Chain::~Chain,0x0043C710,th08::Chain::~Chain,true,97d48df12fb15172402dca2c53ee16dcefe3462ee7c13b109a70306b9d77845a,false,unique relocation-aware instruction identity with TH06; unique relocation-aware instruction identity with TH08; TH06/TH08 semantic names agree
0x0042FAB0,99,,,0x0043C760,th08::ChainElem::ChainElem,false,4953d5bb36583dc3b146b34ee38a39021b1392234d173e1314046fccd13fd66e,true,unique relocation-aware instruction identity with TH08
0x0042FB20,82,,,0x0043C7D0,th08::ChainElem::~ChainElem,false,485523a46e52c751e0d91a1868f711833f9363ad0cca8b505dfe6297b84a857f,true,unique relocation-aware instruction identity with TH08
0x0042FB80,78,,,0x0043C830,th08::Chain::Chain,false,d861f5d865a9dcab2754a0a79e82812d38f0b6400a1e1ef5ca8735fc4e19dbfc,false,unique relocation-aware instruction identity with TH08
0x0042FEE0,383,0x0041CB90,th06::Chain::ReleaseSingleChain,,,false,2290bc126ad6cd20a501041d820f3ef926c78ca2282d12e3652e061a788b74ce,false,unique relocation-aware instruction identity with TH06
0x00430060,38,0x0041CD10,th06::Chain::Release,,,false,c21411b4af38e95015f437f92bb75e43cd4258c6cbdac004011542bdde27bd11,true,unique relocation-aware instruction identity with TH06
0x00430290,85,0x0041CF60,th06::Controller::GetJoystickCaps,0x0043D0C0,th08::Controller::GetJoystickCaps,true,501d9489434c070d6a79f72aeb6d8ee74a518e2cb9298f7d28c4285ea1233a59,false,unique relocation-aware instruction identity with TH06; unique relocation-aware instruction identity with TH08; TH06/TH08 semantic names agree
0x004302F0,122,,,0x0043D6E0,th08::Controller::SetButtonFromDirectInputJoystate,false,66608c60463a7f27b90f0ff2ebee28c4016576ff469e5779079d52eaed524305,true,unique relocation-aware instruction identity with TH08
0x00430370,115,,,0x0043D760,th08::Controller::SetButtonFromControllerInputs,false,2b4b9ecb389214bcbbcd5861fd865a175d402c289ef46fc19ec5a161a7203a2d,true,unique relocation-aware instruction identity with TH08
0x004312C0,110,,,0x0043E160,th08::Controller::ResetKeyboard,false,00dfaddf01998cb07758344d21548c504d0f5be09612a5ca6fc9409f43fda686,false,unique relocation-aware instruction identity with TH08
0x00431870,88,,,0x0043ECC0,th08::Rng::GetRandomU16,false,4c80a265c0c229fa2550a4b0fb9cdc893cacfc4c1dc1c5d90b744241c274f04e,true,unique relocation-aware instruction identity with TH08
0x004318D0,40,,,0x0043ED20,th08::Rng::GetRandomU32,false,636a8761533cd9dd28c236e8e927d4ed4c55f7b2f94b21d7a70f9a0f14f27e67,true,unique relocation-aware instruction identity with TH08
0x00431900,40,,,0x0043ED50,th08::Rng::GetRandomF32,false,12b74ff22fbab3f83a3f4d5827aa86d87d078cb0f160e6bcb2ec73d9c7ce80fd,false,unique relocation-aware instruction identity with TH08
0x00431930,127,,,0x0043EDB0,th08::AddNormalizeAngle,false,ec2865cf64dd5e6c9073e841bb47ad61c82736bc2317d6be0537d6bb4e65c2ae,false,unique relocation-aware instruction identity with TH08
0x00431A0F,60,0x0041E945,th06::TextHelper::TextHelper,0x0043EFEF,th08::TextHelper::TextHelper,true,2be74137ada3aefd691b3be7b954144b21c515e94b21e4a2b48509cf79cad155,true,unique relocation-aware instruction identity with TH06; unique relocation-aware instruction identity with TH08; TH06/TH08 semantic names agree
0x00431A4B,17,0x0041E981,th06::TextHelper::~TextHelper,,,false,8679873dbbd77e78fca32bb2a3440d29555b0311348f023239a7fc128d38cd48,true,unique relocation-aware instruction identity with TH06
0x00431A5C,114,0x0041E992,th06::TextHelper::ReleaseBuffer,0x0043F03C,th08::TextHelper::ReleaseBuffer,true,78f285421c63b8a94aeb5e7806d140e830bb35657723d1d4dfe08ac52433931a,false,unique relocation-aware instruction identity with TH06; unique relocation-aware instruction identity with TH08; TH06/TH08 semantic names agree
0x00431ACE,95,0x0041EA04,th06::TextHelper::AllocateBufferWithFallback,0x0043F0AE,th08::TextHelper::AllocateBufferWithFallback,true,63321fbb9b8a5edf5d15af64398bd91d9b88ae9fcb349ddea27364f4259fcada,true,unique relocation-aware instruction identity with TH06; unique relocation-aware instruction identity with TH08; TH06/TH08 semantic names agree
0x00431B2D,447,0x0041EA63,th06::TextHelper::TryAllocateBuffer,0x0043F10D,th08::TextHelper::TryAllocateBuffer,true,944a628e7ff46712e3a2e60725b58fa66162fa798d0538556a656b542ae331af,false,unique relocation-aware instruction identity with TH06; unique relocation-aware instruction identity with TH08; TH06/TH08 semantic names agree
0x00432164,247,0x0041EF11,th06::TextHelper::CopyTextToSurface,,,false,94fdab1f53ba7a35667723e29f332df75f165f671241d46894a9065a35e704ae,false,unique relocation-aware instruction identity with TH06
0x0043225B,35,,,0x0043F980,th08::TextHelper::CreateTextBuffer,false,b7a6aa7f3f827b0259095c14fca59e8e31fe198b38186e194b1ba0bed415aa54,false,unique relocation-aware instruction identity with TH08
0x0043227E,37,0x0041F02B,th06::TextHelper::ReleaseTextBuffer,0x0043F9A3,th08::TextHelper::ReleaseTextBuffer,true,378a3256756d2b0ad7ac96a5d55b37ca7c7f5a4261c464f036fba1748928d95c,false,unique relocation-aware instruction identity with TH06; unique relocation-aware instruction identity with TH08; TH06/TH08 semantic names agree
0x004325C0,32,,,0x004286E0,FUN_004286e0,false,79c5fd2aaa02337b88869d26740f9d638adbc169657b693b24a402381a29620c,true,unique relocation-aware instruction identity with TH08
0x00433E90,133,,,0x004439C0,th08::GameErrorContext::Flush,false,03fc80a627eef469e75e3958e284fc86ecc43e630990b8b1ca85206cb78902e7,false,unique relocation-aware instruction identity with TH08
0x00434A40,53,0x00420BD0,th06::GameWindow::InitD3dInterface,,,false,813473e77cfc78962fba9e98c4515c3546fa04975f4cd083b609fcf38defedbb,false,unique relocation-aware instruction identity with TH06
0x004351C0,107,,,0x00442EF0,th08::GameWindow::FormatCapability,false,e7ca04b8becb1f0e9c13e31c7fa4327ef183adec14cf30f396be317411075669,false,unique relocation-aware instruction identity with TH08
0x00435230,1130,,,0x00442A80,th08::GameWindow::FormatD3DCapabilities,false,db8dc26db4b8ce6d482dc16c87d8147ee1845b935be19b48b0516807cb1298d3,false,unique relocation-aware instruction identity with TH08
0x00435E30,143,,,0x004436A0,th08::GameWindow::ActivateWindow,false,0ebac20c3e94ea825942e2165ab0a04ffc6974a0d28488073c2131e23ad655c9,false,unique relocation-aware instruction identity with TH08
0x00435FC0,322,,,0x00443840,th08::GameWindow::ResolveIt,false,157b902458af47f0ebd856cfd73b519b589f603a28d1a7f7d89f15235cbfd290,false,unique relocation-aware instruction identity with TH08
0x00436110,33,0x00421AA0,th06::MidiDevice::MidiDevice,0x00443C60,th08::MidiDevice::MidiDevice,true,37d5fffb851313d346c34db7b8f36dc820c1538ef7ac094f5db3609b604be5e8,true,unique relocation-aware instruction identity with TH06; unique relocation-aware instruction identity with TH08; TH06/TH08 semantic names agree
0x00436140,19,0x00421AD0,th06::MidiDevice::~MidiDevice,,,false,7bcfe1a6b7b6ae6848913f257603f3926f51a554e24703969f0ba715a2ceb177,true,unique relocation-aware instruction identity with TH06
0x00436160,89,0x00421AF0,th06::MidiDevice::OpenDevice,0x00443CB0,th08::MidiDevice::OpenDevice,true,a3f8a5bfd52cb80f05f8884008722e4c089cfb606330c093884d5f6ce48f3fcb,false,unique relocation-aware instruction identity with TH06; unique relocation-aware instruction identity with TH08; TH06/TH08 semantic names agree
0x004361C0,59,0x00421B50,th06::MidiDevice::Close,0x00443D10,th08::MidiDevice::Close,true,1df47ec264d7015e785fb65ff0fd25a6335c78538e8001d7eb011f4e62355370,false,unique relocation-aware instruction identity with TH06; unique relocation-aware instruction identity with TH08; TH06/TH08 semantic names agree
0x00436200,78,0x00421B90,th06::MidiDevice::SendLongMsg,0x00443D50,th08::MidiDevice::SendLongMsg,true,c3255198d9b7b1ea1e6419024a25cc954009efcc22060fb43abfdfd9eb4bd19f,false,unique relocation-aware instruction identity with TH06; unique relocation-aware instruction identity with TH08; TH06/TH08 semantic names agree
0x00436250,67,0x00421BE0,th06::MidiDevice::SendShortMsg,0x00443DA0,th08::MidiDevice::SendShortMsg,true,8237fc6e2c0883fe76758d32a46bf0eb552545f5d3280a5520ff46e938c2ab8a,false,unique relocation-aware instruction identity with TH06; unique relocation-aware instruction identity with TH08; TH06/TH08 semantic names agree
0x004362A0,48,0x00421C30,th06::MidiTimer::MidiTimer,0x00443DF0,th08::MidiTimer::MidiTimer,true,a448c237d55c9a6f22a4a13e7a46e4a3b6afc4ebea2c21cbcad97714263d977a,false,unique relocation-aware instruction identity with TH06; unique relocation-aware instruction identity with TH08; TH06/TH08 semantic names agree
0x004362D0,41,0x00421C60,th06::MidiTimer::~MidiTimer,0x00443E20,th08::MidiTimer::~MidiTimer,true,1785687426c9c02625a866ce32ef9d1cdbb52cc952e44c5318055dfa4f40da0f,false,unique relocation-aware instruction identity with TH06; unique relocation-aware instruction identity with TH08; TH06/TH08 semantic names agree
0x00436300,115,0x00421C90,th06::MidiTimer::StartTimer,0x00443E50,th08::MidiTimer::StartTimerImpl,false,a204f30c705060fbb1fbfb83bb184962bb5af844e896ad6c1ee42082ebc1ad14,false,unique relocation-aware instruction identity with TH06; unique relocation-aware instruction identity with TH08
0x00436380,61,0x00421D10,th06::MidiTimer::StopTimer,0x00443ED0,th08::MidiTimer::StopTimerImpl,false,a36ddde405952963f27d65fe1cf79c56227dad948f83386cb20d9c3c08976caa,false,unique relocation-aware instruction identity with TH06; unique relocation-aware instruction identity with TH08
0x004363C0,26,0x00421D50,th06::MidiTimer::DefaultTimerCallback,0x00443F10,th08::MidiTimer::DefaultTimerCallback,true,8a40876f7b168736e2b1dd650b7a9c409388c4802cb27759adfb69a1284a3dba,true,unique relocation-aware instruction identity with TH06; unique relocation-aware instruction identity with TH08; TH06/TH08 semantic names agree
0x004363E0,30,,,0x00443F30,th08::MidiOutput::Ntohs,false,ef2b9a6bea4455a8a478dca69ee8c26455a5690094157a6e65264e9ef00d4ff2,true,unique relocation-aware instruction identity with TH08
0x00436400,78,,,0x00443F50,th08::MidiOutput::SkipVariableLength,false,e741a631b21c1e675cbc63567eae912f9d5b208b3ca6356c52e8ab6c6988d0b3,true,unique relocation-aware instruction identity with TH08
0x00436450,351,,,0x00443FA0,th08::MidiOutput::MidiOutput,false,19279ff018107fea6f38ec7a88994559b7a4b416fc5a5cd528cf1b04faa45e9d,false,unique relocation-aware instruction identity with TH08
0x004365B0,147,0x00421F50,th06::MidiOutput::~MidiOutput,0x00444100,th08::MidiOutput::~MidiOutput,true,01aebab7928401275f78fd667fb332950e2f7cc4ef2632aafb94529ed54e1284,false,unique relocation-aware instruction identity with TH06; unique relocation-aware instruction identity with TH08; TH06/TH08 semantic names agree
0x004369C0,58,0x00422380,th06::MidiOutput::LoadFile,0x00444510,th08::MidiOutput::LoadFile,true,3a3d840b755b1d76bcc593ae2a4f48ed903c572c41bfdc738099f9360ebf9d3d,false,unique relocation-aware instruction identity with TH06; unique relocation-aware instruction identity with TH08; TH06/TH08 semantic names agree
0x00436A00,203,,,0x00444550,th08::MidiOutput::LoadTracks,false,2791e363de7a1856a8b103dac88b6816a339679fa36b4a588d6daadbf07213c1,true,unique relocation-aware instruction identity with TH08
0x00436AD0,81,,,0x00444620,th08::MidiOutput::Play,false,831596ddd039d33507716481623832b052a191b3891c2811b30ec05a2bfdfb3a,false,unique relocation-aware instruction identity with TH08
0x00436C90,79,0x00422630,th06::MidiOutput::SetFadeOut,0x004447D0,th08::MidiOutput::SetFadeOut,true,4e4c9e85481c13dfcea834d15df877705722ecef5cdae5ab9377d6e198113e84,true,unique relocation-aware instruction identity with TH06; unique relocation-aware instruction identity with TH08; TH06/TH08 semantic names agree
0x00436CE0,619,,,0x00444820,th08::MidiOutput::OnTimerElapsed,false,bc9e9c965e936a921442fecab2c1665f9ab236db7db2d0990508f71179ed2ae9,false,unique relocation-aware instruction identity with TH08
0x004377F0,187,,,0x00445340,th08::MidiOutput::FadeOutSetVolume,false,658f1708ca4dffafbe1a43cd4155095d89b66ec1aa2b9cf5c83dcc43ac7eed38,false,unique relocation-aware instruction identity with TH08
0x004378B0,22,,,0x00445400,FUN_00445400,false,f4516bef8ae48a65b0a92e61b99741d9757123675214b684b1e2022e7ba57c1c,false,unique relocation-aware instruction identity with TH08
0x004378F0,19,0x00421AD0,th06::MidiDevice::~MidiDevice,,,false,7bcfe1a6b7b6ae6848913f257603f3926f51a554e24703969f0ba715a2ceb177,false,unique relocation-aware instruction identity with TH06
0x0043831B,20,,,0x00445BC0,th08::Supervisor::DrawFpsCounter,false,779897adae65668f39010567aa30e4c844f635f3bc1ccec560a3eecc1309f229,false,unique relocation-aware instruction identity with TH08
0x0043832F,63,0x00423DA0,th06::Supervisor::EnumGameControllersCb,0x00446CC7,FUN_00446cc7,false,ec1ec5b25d214c34213d1ad02e2f46ede77443175f0abbe10fd87730413ce54a,false,unique relocation-aware instruction identity with TH06; unique relocation-aware instruction identity with TH08
0x0043836E,106,0x00423801,th06::Supervisor::ControllerCallback,0x00445E3D,FUN_00445e3d,false,51b1f8fb9d0627d644e0fd973aff74806292743395bf4e159986e6c4fe5a2b67,false,unique relocation-aware instruction identity with TH06; unique relocation-aware instruction identity with TH08
0x00438FEF,17,0x0041E981,th06::TextHelper::~TextHelper,,,false,8679873dbbd77e78fca32bb2a3440d29555b0311348f023239a7fc128d38cd48,false,unique relocation-aware instruction identity with TH06
0x00439401,198,,,0x00447295,th08::ZunTimer::Increment,false,56c7dfc32592b0b13eb692291b75beeb5161276dcfa64b1edb8b9b5a0fa5e9aa,false,unique relocation-aware instruction identity with TH08
0x004394C7,198,,,0x0044735B,th08::ZunTimer::Decrement,false,b3b2b0823ea31ab88658e4acd16e2e64841aa1c9587e42a220d5b9a9227b3d4e,false,unique relocation-aware instruction identity with TH08
0x00439DD0,241,,,0x00447D56,th08::Supervisor::LoadMusic,false,b3d4b25fa84f1004cecfac886a1ba4651125f7e18724002589743d6eeb40c7b6,false,unique relocation-aware instruction identity with TH08
0x0043A05F,119,,,0x00448081,th08::Supervisor::StopAudio,false,d2de4e2ab754cc441d3fe71c13ee7c10c5ffb7f82e3e4938d9103c51303e0e3a,false,unique relocation-aware instruction identity with TH08
0x0043A18D,48,,,0x004481AF,th08::Supervisor::IsSlowModeEnabled,false,ce1b7bd68b670758d1d9bdd76cec18e0fe657403c140152255ec0ae01c010ad4,false,unique relocation-aware instruction identity with TH08
0x0043A24E,49,,,0x00448270,th08::Supervisor::SetRenderState,false,29a171a8d80a1ad0f5fb76b3ba033250022e3acbbd6f3e0346f1f25891047641,false,unique relocation-aware instruction identity with TH08
0x0043BDC0,65,,,0x0044FD80,FUN_0044fd80,false,22e78fbb69c0d98242074bde55b69f6be4ea1e4669206309ae017934d1ab7337,false,unique relocation-aware instruction identity with TH08
0x00442B10,85,0x0042A0E0,th06::Player::CutChain,0x0044DD10,th08::Player::CutChain,true,d7ef6a2eeb3cc7c3a19aeb4d378c180a1da14113449c4bf5cb881a9d2459c196,false,unique relocation-aware instruction identity with TH06; unique relocation-aware instruction identity with TH08; TH06/TH08 semantic names agree
0x00447161,55,,,0x00456938,th08::ResultScreen::FormatDate,false,c5de218e5797c5fcc9a733fbdcf4a5ba87a7f16fcf7de2ce913fd639e8c7248b,false,unique relocation-aware instruction identity with TH08
0x0044A460,190,,,0x0045B020,th08::ScreenEffect::Clear,false,343974b131f12aa96ecab0632893858a2af2c01f71df7cb349e524f0b1c355f8,false,unique relocation-aware instruction identity with TH08
0x0044A520,124,,,0x0045B0E0,th08::ScreenEffect::SetViewport,false,9e3d3de0d1ca791c45cc665125074172b2f58683b31d5ed8f9bba0aff0037459,false,unique relocation-aware instruction identity with TH08
0x0044ADF0,145,,,0x0045BB50,th08::ScreenEffect::DrawFullFade,false,1aba35eeb5e527fc9455335bd2ea6b8bbb79077a08735e8c2a184922d055df2a,false,unique relocation-aware instruction identity with TH08
0x0044AF30,69,,,0x0045BC40,th08::ScreenEffect::DrawArcadeFade,false,69e800cda96db81cdb0857fd774514f0525100a1f2b8fedbbb13e8896b34b155,false,unique relocation-aware instruction identity with TH08
0x0044B090,76,,,0x0045BD70,FUN_0045bd70,false,9e1060b612db6110cf383965dd20732b3ee20f5b784e6b26e3925fe6756e8bef,false,unique relocation-aware instruction identity with TH08
0x0044BA80,100,,,0x0045CBC0,th08::SoundPlayer::GetWavFormatData,false,cdd3f32cae0767dd99923ac5a52afb22e7e014d4dcf0b7e09193204627cc5da9,false,unique relocation-aware instruction identity with TH08
0x0044D200,226,,,0x0045E0F0,th08::SoundPlayer::BGMPlayerThread,false,3e20e28893ad2e3cccf8c1500eed99c33d198f25b21d68e0671ea612cd170a1b,false,unique relocation-aware instruction identity with TH08
0x0044D620,11,0x00423330,th06::AnmManager::~AnmManager,0x0043EF40,th08::MidiTimer::OnTimerElapsed,false,4a27430ef403def0e5892f05f96e58328d9ab0837d53be548398eaf9f810e415,true,unique relocation-aware instruction identity with TH06; unique relocation-aware instruction identity with TH08
0x0044F960,58,,,0x004631D0,FUN_004631d0,false,83b3fc6c4dffa30fd3eaa8ff0242cc99f1adb40ab92440b0788f3cb968255662,true,unique relocation-aware instruction identity with TH08
0x0045BB4A,281,,,0x0047030B,FUN_0047030b,false,1be56ba8a921d6cadde694d47263a1a42806efcfb0a615d7fa5aac91308195dc,false,unique relocation-aware instruction identity with TH08
0x0045BC63,265,,,0x00470424,FUN_00470424,false,f352e99dcf8089a0bd05de7ac0d1aad2757eaa73ea4b706bbdec4aa3fabb9f0b,false,unique relocation-aware instruction identity with TH08
0x0045C4C8,17,0x0041E981,th06::TextHelper::~TextHelper,,,false,8679873dbbd77e78fca32bb2a3440d29555b0311348f023239a7fc128d38cd48,false,unique relocation-aware instruction identity with TH06
0x0045C6F0,23,0x0043A7B0,th06::CSoundManager::CSoundManager,0x004716E0,th08::CSoundManager::CSoundManager,true,beda54569b700330aced2515b8ea5937d7be9b2803b1c665f8f2f0ccf31a34c4,true,unique relocation-aware instruction identity with TH06; unique relocation-aware instruction identity with TH08; TH06/TH08 semantic names agree
0x0045C710,44,0x0043A7D0,th06::CSoundManager::~CSoundManager,0x00471700,th08::CSoundManager::~CSoundManager,true,3bf50891d6bf5aa1232b0a15810cfae47208d278555d4f6375007572b020a89e,true,unique relocation-aware instruction identity with TH06; unique relocation-aware instruction identity with TH08; TH06/TH08 semantic names agree
0x0045C740,142,0x0043A800,th06::CSoundManager::Initialize,0x00471730,th08::CSoundManager::Initialize,true,9bc433e4c2320a8a061d62929e06733c06726849f8ed68bd0e05b6077213a54d,false,unique relocation-aware instruction identity with TH06; unique relocation-aware instruction identity with TH08; TH06/TH08 semantic names agree
0x0045C7D0,265,,,0x004717C0,th08::CSoundManager::SetPrimaryBufferFormat,false,eb578825fd01ff2be2e3ff82bd30bdb3039bc2e3536b0a454d6bda9021f05bf9,true,unique relocation-aware instruction identity with TH08
0x0045CC30,795,,,0x00471C40,th08::CSoundManager::CreateStreamingFromMemory,false,442ba899ee903345490e797155221063231281cfc9e11768cbf8b7041b5c12d8,false,unique relocation-aware instruction identity with TH08
0x0045CF50,221,,,0x00471F60,th08::CSound::CSound,false,3f93bae7095221cc6b38639bc3bf29fefc2f7a40b46ae64385143d82c7e17323,false,unique relocation-aware instruction identity with TH08
0x0045D060,599,,,0x00472070,th08::CStreamingSound::InitSoundBuffers,false,ce88eec1119170b5baedb10e971886a89a2298a0e845d0c84efa72dc0a68d758,false,unique relocation-aware instruction identity with TH08
0x0045D2C0,241,0x0043ADA0,th06::CSound::~CSound,,,false,85ed6dfef9899efeb2b8a298a721017cc8a58469a141ab0d17a692c99906377f,false,unique relocation-aware instruction identity with TH06
0x0045D3C0,484,,,0x004723B0,th08::CSound::FillBufferWithSound,false,064e952d6b6acdabd23b1c1ad667ebbf77694e114a822ec39c93b51145efb55b,false,unique relocation-aware instruction identity with TH08
0x0045D5B0,163,0x0043B090,th06::CSound::RestoreBuffer,0x004725A0,th08::CSound::RestoreBuffer,true,7647ec9d3bd8ef98a8e96e6dc56cf3ac610c832d28ad76387f3028a3bf9a7899,false,unique relocation-aware instruction identity with TH06; unique relocation-aware instruction identity with TH08; TH06/TH08 semantic names agree
0x0045D660,182,0x0043B140,th06::CSound::GetFreeBuffer,0x00472650,th08::CSound::GetFreeBuffer,true,529ea1b267e20a32abd9bfade6b4d73f49bead31c079efc755db601357e5be0c,false,unique relocation-aware instruction identity with TH06; unique relocation-aware instruction identity with TH08; TH06/TH08 semantic names agree
0x0045D720,53,0x0043B200,th06::CSound::GetBuffer,0x00472710,th08::CSound::GetBuffer,true,5dc95c68af4fe13e5f04700cbf6d4398cd99026b88f5dfbe58e5b40a9cb4279c,true,unique relocation-aware instruction identity with TH06; unique relocation-aware instruction identity with TH08; TH06/TH08 semantic names agree
0x0045D860,171,,,0x004728E0,th08::CSound::Stop,false,45d31bc4be122b240f2d0e6438ccc018f40018df6fd4cba1a5f9f0f031e243b5,true,unique relocation-aware instruction identity with TH08
0x0045D910,79,,,0x00472990,th08::CSound::Pause,false,a170468fafb910369ad2b5cc2d743a8df213dc4a206fbe2f5abe0088fb7f0473,true,unique relocation-aware instruction identity with TH08
0x0045D960,78,,,0x004729E0,th08::CSound::Unpause,false,2f08572262c4b2abdcdc04cb38268c46ab6e6f1b1e64b9a297bc7bb71fd67d9e,true,unique relocation-aware instruction identity with TH08
0x0045D9B0,110,0x0043B3B0,th06::CSound::Reset,0x00472A30,th08::CSound::Reset,true,d26494d8a06fe4947d68d6a321ef02ae36621204a4a07945006f510d2a04c80c,true,unique relocation-aware instruction identity with TH06; unique relocation-aware instruction identity with TH08; TH06/TH08 semantic names agree
0x0045DA20,96,,,0x00472AA0,th08::CStreamingSound::CStreamingSound,false,4282a050e01dff2ffaa335ded43ce9de909aa426e7cb708370057a356cf9ef9a,false,unique relocation-aware instruction identity with TH08
0x0045DAB0,28,0x0043B4B0,th06::CStreamingSound::~CStreamingSound,0x00472B30,th08::CStreamingSound::~CStreamingSound,true,9f7c4a503455150a018f7ec04ab1f4fd7dcff5407d23634498cd5c500805fef0,false,unique relocation-aware instruction identity with TH06; unique relocation-aware instruction identity with TH08; TH06/TH08 semantic names agree
0x0045DAD0,143,0x0043B4D0,th06::CStreamingSound::UpdateFadeOut,,,false,609bd321c4d3fd1c721a02d4342f62318c28f1206e0d2504ac8aeb58192b5da7,true,unique relocation-aware instruction identity with TH06
0x0045DB60,1000,,,0x00472D30,th08::CStreamingSound::HandleWaveStreamNotification,false,cf1a63f5d537ad1a3729527f3acfffcfc078b581479009d6cdbe147d5ccdefed,false,unique relocation-aware instruction identity with TH08
0x0045DF50,194,,,0x00473120,th08::CStreamingSound::Reset,false,14bada5dac39b54febf5350e79f4458e83f817c00dc0eeb903d9689334ec77c7,false,unique relocation-aware instruction identity with TH08
0x0045E020,56,,,0x004731F0,th08::CWaveFile::CWaveFile,false,46e94e3800398735e4c8a9cbf5060b350eae86b94ea92760cc955723f9e56eaf,true,unique relocation-aware instruction identity with TH08
0x0045E060,19,0x00421AD0,th06::MidiDevice::~MidiDevice,,,false,7bcfe1a6b7b6ae6848913f257603f3926f51a554e24703969f0ba715a2ceb177,false,unique relocation-aware instruction identity with TH06
0x0045E080,163,,,0x00473250,th08::CWaveFile::Open,false,51279069546bb6a798795cf7611027f63f5328e7b83d82e056d5ebac8d7fdbb1,false,unique relocation-aware instruction identity with TH08
0x0045E130,84,,,0x00473300,th08::CWaveFile::Reopen,false,3642a3acc334183f26584c45425a43c88cf9b0ea153cdca215f0be911aa31d5b,true,unique relocation-aware instruction identity with TH08
0x0045E190,92,,,0x00473360,th08::CWaveFile::OpenFromMemory,false,58b882b5434626e34dcc4a507759212785e9a0a6f9979aee9f986965c603cf77,true,unique relocation-aware instruction identity with TH08
0x0045E1F0,17,,,0x004733C0,th08::CWaveFile::GetSize,false,5a637930b06ca0b553332a2170de1e49c0fe6f47762b68509bc2102ec39920bf,true,unique relocation-aware instruction identity with TH08
0x0045E210,328,,,0x004733E0,th08::CWaveFile::ResetFile,false,ba6a59d017d807d28cda2fecacff4ca2a0b756d215bff9d80b07f7f9a3823558,false,unique relocation-aware instruction identity with TH08
0x0045E360,328,,,0x00473530,th08::CWaveFile::Read,false,75da8f7832e15ef619c741799547d811c94cec4a47c1c1eb9161e0f19e31aad4,false,unique relocation-aware instruction identity with TH08
0x0045E4B0,51,,,0x00473680,th08::CWaveFile::Close,false,9a933f94987f5cdd230c4ce377280eb6c051a1173cd96a8c179a9d7ada00536f,false,unique relocation-aware instruction identity with TH08
0x0045E500,20,,,0x00473C60,th08::IPbgFile::~IPbgFile,false,36545624e0a95820cfc9bdef74b9bffa485d41e7cf14dcacfd9910fca91ed919,false,unique relocation-aware instruction identity with TH08
0x0045E620,330,,,0x00473790,th08::CPbgFile::Open,false,cbc08e3ec47966ce0879f4f1e60fb57f21cfe521df727ef2b2d7aa07b69b8b77,false,unique relocation-aware instruction identity with TH08
0x0045E770,53,,,0x004738E0,th08::CPbgFile::Close,false,70cdba71b8061b4b7f748395af515879662479a71bea5ab7e9015de0ececb077,false,unique relocation-aware instruction identity with TH08
0x0045E7B0,68,,,0x00473920,th08::CPbgFile::Read,false,5590d262ba53b4504ba4c04f2275f8b7e4813523a5e2e1b8ad2ac5b64a07ba8f,false,unique relocation-aware instruction identity with TH08
0x0045E800,74,,,0x00473970,th08::CPbgFile::Write,false,4e07f53b587c24556df0a1c0801615f5252db89d3bd39946986fa0050d88ef89,false,unique relocation-aware instruction identity with TH08
0x0045E850,43,,,0x004739C0,th08::CPbgFile::Tell,false,ae67c245034c412cb452b7e209e0dcd1de337cbeb6fd09c148ffe3ecdbd1aad8,false,unique relocation-aware instruction identity with TH08
0x0045E880,39,,,0x004739F0,th08::CPbgFile::GetSize,false,aa703c26481054076b9c9e0ea64574e661141d8dfd73790d357f3faa5e59fba2,false,unique relocation-aware instruction identity with TH08
0x0045E8B0,51,,,0x00473A20,th08::CPbgFile::Seek,false,be90951420ea8d6dccf05895a32e0c5e13acafa5f6d6caed3463fac96d48441a,false,unique relocation-aware instruction identity with TH08
0x0045E8F0,210,,,0x00473A60,th08::CPbgFile::ReadWholeFile,false,d7d831cd922d6a6e420843dad639214ce2bea5da3a891777e1717e894a36c785,false,unique relocation-aware instruction identity with TH08
0x0045E9D0,253,,,0x00473B40,th08::CPbgFile::GetFullFilePath,false,57ba64c9df3dc7d5aac3d1e3e1754d72144cd78d5d0b773c09eeaa1f4d31a21d,false,unique relocation-aware instruction identity with TH08
0x0045F680,40,,,0x00475270,th08::PbgArchiveEntry::~PbgArchiveEntry,false,b919d03c0c790da19e478226a8f08d6a378b11c9de37fa26225aa4b371931691,false,unique relocation-aware instruction identity with TH08
0x0045F6B0,53,,,0x00474860,th08::PbgArchive::PbgArchive,false,38f63adf6084b131f375e1c8c8b7bc14100213bba7c31d5e96b766416f25e00f,true,unique relocation-aware instruction identity with TH08
0x0045F6F0,19,0x00421AD0,th06::MidiDevice::~MidiDevice,,,false,7bcfe1a6b7b6ae6848913f257603f3926f51a554e24703969f0ba715a2ceb177,false,unique relocation-aware instruction identity with TH06
0x0045F710,229,,,0x004748C0,th08::PbgArchive::Load,false,936c880002b4f38b97507716d479f1762cfc00ad9ef16a1ba1a5f7b0fbe717ed,false,unique relocation-aware instruction identity with TH08
0x0045F960,321,,,0x00474AF0,th08::PbgArchive::ReadDecompressEntry,false,c2933a7a5c28682ee7208ceb14ff39d4e8afb4a0327eb90d70c5688afde1c2f7,false,unique relocation-aware instruction identity with TH08
0x0045FAB0,46,,,0x00474C40,th08::PbgArchive::GetEntryDecompressedSize,false,eb0d541bfa895915bf9d5ce07f231bce12dadaaa486d3641ffa385259ac748f1,true,unique relocation-aware instruction identity with TH08
0x0045FAE0,101,,,0x00474C70,th08::PbgArchive::FindEntry,false,c28c89fbf3d5ac367b8e1402524d6296be9f5371b6812b3d83f0919087205760,false,unique relocation-aware instruction identity with TH08
0x0045FFC0,139,,,0x00475150,th08::PbgArchive::CopyFileName,false,9e10a6be25fd605f87abb9b0d7b7746b26c5b52b905cd5a055a69728c59f75ef,false,unique relocation-aware instruction identity with TH08
0x004616C4,1,,,0x004818A0,FUN_004818a0,false,d77cdcb9086369e1ca2beab40e71c95616cdcb15e941f2eec0d4b8e7d997691b,true,unique relocation-aware instruction identity with TH08
0x00461AA2,227,0x0043EC4B,D3DXMatrixMultiply,0x00486FD6,FUN_00486fd6,false,18910744b523133ac9e59a0de53d35226f8fea0b41a72e44c0c70c747b049dc3,true,unique relocation-aware instruction identity with TH06; unique relocation-aware instruction identity with TH08
0x00461B85,122,0x0043ED9B,D3DXMatrixRotationX,0x00477F48,FUN_00477f48,false,779d3dc424f14e044e078089038907858c943073f1cee019d81e87004f37bdd6,true,unique relocation-aware instruction identity with TH06; unique relocation-aware instruction identity with TH08
0x00461BFF,123,0x0043EE15,D3DXMatrixRotationY,0x00477FC8,FUN_00477fc8,false,911796d29c8bb2aa89b3c0995edc3800d787ee1f43c0623aca4f98b3b54e12ee,true,unique relocation-aware instruction identity with TH06; unique relocation-aware instruction identity with TH08
0x00461C7A,124,0x0043EE90,D3DXMatrixRotationZ,0x00478049,FUN_00478049,false,19a3cb9c62b3ea8e0db57723254d09143adbcb9c4f352ca4ff2fdc2e561830ac,true,unique relocation-aware instruction identity with TH06; unique relocation-aware instruction identity with TH08
0x00461CF6,226,0x0043EF0C,D3DXMatrixRotationQuaternion,0x004781CD,FUN_004781cd,false,b2ee8ec4d76e04f76c25c4c78c86dd51485e98086f050ce6e8360ed541343f16,false,unique relocation-aware instruction identity with TH06; unique relocation-aware instruction identity with TH08
0x00461DD8,148,0x0043EFEE,D3DXMatrixPerspectiveFovLH,0x004784DD,D3DXMatrixPerspectiveFovLH,true,c50474f10b4220aca659381525b7b5ec1b71bd105582d44724e337aa4263ee98,false,unique relocation-aware instruction identity with TH06; unique relocation-aware instruction identity with TH08; TH06/TH08 semantic names agree
0x00461E6C,76,0x0043F082,D3DXVec3Cross,,,false,c05ab33e4efe2b9e1091f430cadbb4c48733088e5a1b2edfa82e686ec1618f6c,true,unique relocation-aware instruction identity with TH06
0x00461F0C,167,0x0043F0CE,D3DXVec3Normalize,,,false,f3877ae8087142368e80be0765cc0384b281709c2157b0dc6dc2f811f925e2df,false,unique relocation-aware instruction identity with TH06
0x00461FB3,208,0x0043F175,D3DXVec3TransformCoord,,,false,95d8eff4a35ffd6b6ca9833249b8fd04410b9bdd7b60f7001cea22fec2872d29,false,unique relocation-aware instruction identity with TH06
0x004621A0,262,0x0043F561,D3DXMatrixLookAtLH,,,false,b82c354c67c6a854b2f264799d7dcc0d07e4c3ccdd6f396df696c17a73448907,false,unique relocation-aware instruction identity with TH06
0x004622A6,36,0x0043F778,FI_Find,,,false,dedf6c9883afe489f7fb4e28e20663354bc3c58c4bc9d75c58d8fc9e183fcfab,false,unique relocation-aware instruction identity with TH06
0x0046234A,994,0x0043F81C,CheckTextureRequirements,,,false,93409d17917917b97c7abbd474e153e117a3c2213516bfbdcbc6e08015ae86da,false,unique relocation-aware instruction identity with TH06
0x0046272C,566,0x0043FBFE,D3DXLoadSurfaceFromMemory,,,false,937cef7bce038ea1d766fad267bcd5a9cf8f1a984e9f75e67fd9795cd0f1a650,false,unique relocation-aware instruction identity with TH06
0x00462962,40,0x0043FE34,D3DXCheckTextureRequirements,,,false,c73b9db53a74144a71f6ab8aeeb79c1245e2d6906722210b87e7fde71d20fcac,true,unique relocation-aware instruction identity with TH06
0x0046298A,102,0x0043FE5C,D3DXCreateTexture,,,false,b141dc9c4ecf61a08b46da0d51101bd4d0e39286d0a9998c9aaf062e4eb72938,true,unique relocation-aware instruction identity with TH06
0x004629F0,182,0x0043FEC2,D3DXLoadSurfaceFromFileInMemory,,,false,23c54d1ee8fb5d910247ead04a0ed4f686f1249920b526c324403844f276a094,false,unique relocation-aware instruction identity with TH06
0x00462AA6,285,0x0043FF78,D3DXLoadSurfaceFromSurface,,,false,0b723d1cb4b153253107fffb7881a64e0cfb4189ac368a37cbf73eed492c3ead,true,unique relocation-aware instruction identity with TH06
0x00462BC3,305,0x00440095,D3DXFilterTexture,,,false,1dba52d06419b75585a8016571bfb21d57ac30e0bd22a64ed2da3a59c01cb043,true,unique relocation-aware instruction identity with TH06
0x00462CF4,1041,0x004401C6,D3DXCreateTextureFromFileInMemoryEx,,,false,1a2087655de702018161de8ac8d6b0206bf48856b8b48e1da13006ce2865921e,false,unique relocation-aware instruction identity with TH06
0x00463105,10,0x00440F0A,CD3DXBlt::CD3DXBlt,0x0047D77B,FUN_0047d77b,false,8d23c53d6faacd4d913dcee570ab601700ceecbfe4876a399041d9645e0ca805,true,unique relocation-aware instruction identity with TH06; unique relocation-aware instruction identity with TH08
0x0046310F,30,0x00440F14,CD3DXBlt::~CD3DXBlt,0x0047D785,FUN_0047d785,false,1fde02a778fcc713d3bb99508e735d770ea437816be8f50ad2d742d7c4b492fd,true,unique relocation-aware instruction identity with TH06; unique relocation-aware instruction identity with TH08
0x0046312D,34,0x00440F32,TF_Row::~TF_Row,,,false,a942ab612951d5e446e8163c4f066d2b545fd634113f4767625aab532c51a342,false,unique relocation-aware instruction identity with TH06
0x0046314F,673,0x00440F54,TF_SetupTriangle,,,false,00a9cb9bf808f0912b85b459b655e60f3db257891b49e7e0bfdc676a446cd5ef,false,unique relocation-aware instruction identity with TH06
0x004633F0,950,0x004411F5,CD3DXBlt::BltTriangle2D,,,false,e8aedbf77164c0740090c4dd40225b24448a0b0457b54c34d591cc3468b97caa,false,unique relocation-aware instruction identity with TH06
0x004637A6,1239,0x004415AB,CD3DXBlt::BltTriangle3D,,,false,04034cfc529f9692a2d51afaabd42b0ea044509ac1aa9798bae4e133ab3b1413,false,unique relocation-aware instruction identity with TH06
0x00463C7D,385,0x00441A82,CD3DXBlt::BltSame_DXTn,,,false,2ba17741beeba7b34e54481e4a8b524d9175fc25791686f9c445d19e1bef1cca,true,unique relocation-aware instruction identity with TH06
0x00464078,336,0x00441E83,CD3DXBlt::BltBox2D_R5G6B5,,,false,9fb9b2b40308d8ccc8ce6f875b44a7d0b0e64fb763fb555fb3bfd900eb638333,true,unique relocation-aware instruction identity with TH06
0x004641C8,292,0x00441FD3,CD3DXBlt::BltBox2D_X1R5G5B5,,,false,8e0794fb2eb2f13e87a04e50d6efb653c0f1084645c8eb211374f861e813ce93,true,unique relocation-aware instruction identity with TH06
0x004642EC,335,0x004420F7,CD3DXBlt::BltBox2D_A1R5G5B5,,,false,dd8a5e46ae977d8ece6a22e097644414dbbc053aad90b0db4916ff8c3ec596a0,true,unique relocation-aware instruction identity with TH06
0x0046443B,339,0x00442246,CD3DXBlt::BltBox2D_A4R4G4B4,,,false,2f3c456e4e2203b320bc3320f2e2c585862c88dc49e854e5fe8614512c9f865c,true,unique relocation-aware instruction identity with TH06
0x0046458E,319,0x00442399,CD3DXBlt::BltBox2D_R3G3B2,,,false,df0569064acf03801c521c228009ffa46bf7cf42173460022bafcf13a5010c8b,true,unique relocation-aware instruction identity with TH06
0x004646CD,155,0x004424D8,CD3DXBlt::BltBox2D_A8,,,false,c6c5ab7cc17b385d24313b1fb6a4f1753c6056021ee6e57389481d1467ee9cf0,true,unique relocation-aware instruction identity with TH06
0x00464768,332,0x00442573,CD3DXBlt::BltBox2D_A8R3G3B2,,,false,28269c0003478c39f952534d1b99928f46425194c5a3fd023f5268290e1cf5a5,true,unique relocation-aware instruction identity with TH06
0x004648B4,289,0x004426BF,CD3DXBlt::BltBox2D_X4R4G4B4,,,false,d90e6b8c2e64691b7ad3a5557134371273c0f63c96037ca4e7ef1476c6d42242,true,unique relocation-aware instruction identity with TH06
0x004649D5,6,0x00441C03,CD3DXBlt::BltBox2D_R8G8B8,,,false,5840102436b8eeb987b0b00ba64c5a9a8ede87552b5878cab54e822f97426470,true,unique relocation-aware instruction identity with TH06
0x004649DB,332,0x004427E0,CD3DXBlt::BltBox2D_A8L8,,,false,4fe98301307bc5e0c3a58eea6e7d5fcb814aba2983c68c238039c272a07f8f7e,true,unique relocation-aware instruction identity with TH06
0x00464B27,319,0x0044292C,CD3DXBlt::BltBox2D_A4L4,,,false,6d5523e7e3d060193a8d8a3210490905d4a27dc2fa390bbcef71717e71c87ead,true,unique relocation-aware instruction identity with TH06
0x00464C99,306,0x00442A9E,CD3DXBlt::BltSame,,,false,6330f88a6b53c0316b69925ed5623aea9db597cb2ca28b6ada14b61bb15e5964,true,unique relocation-aware instruction identity with TH06
0x00464DCB,162,0x00442BD0,CD3DXBlt::BltCopy,,,false,0283e936c9a6316a585b381bcd9c145fb42b1ff47677a6458a18e7e2a7d7b077,false,unique relocation-aware instruction identity with TH06
0x00464E6D,373,0x00442C72,CD3DXBlt::BltNone,,,false,aa44d2081fe2fb7b0e422ab8eae23e81c68f6cb83bdb047c970f26c112b2347f,false,unique relocation-aware instruction identity with TH06
0x00464FE2,406,0x00442DE7,CD3DXBlt::BltPoint,,,false,3774d7acb14594c78796fb3a5ecbf959fd024758d19599fa5916c988d2a6d458,false,unique relocation-aware instruction identity with TH06
0x0046550D,937,0x00443312,CD3DXBlt::BltBox3D,,,false,9ef72ba5565f83aafc640fc86f5c1fe2ae9b3a28befa8ac995ce68618469f9d8,false,unique relocation-aware instruction identity with TH06
0x004658B6,209,0x004436BB,LF_SetupLinear,,,false,8adb7a02afc395b51c22d8a59b09ac61f23c6319244d8ded13293025b967b7e9,false,unique relocation-aware instruction identity with TH06
0x00465987,833,0x0044378C,CD3DXBlt::BltLinear2D,,,false,cd7b8f80784824ec8d51d3b685038fca9246124e6e055025529fd270bd21933b,false,unique relocation-aware instruction identity with TH06
0x00465CC8,1613,0x00443ACD,CD3DXBlt::BltLinear3D,,,false,d1d6eb4f9d7db7f8254054f4643c966488b522da0a6daea422b5ea36d1d6889f,false,unique relocation-aware instruction identity with TH06
0x00466315,274,0x0044411A,CD3DXBlt::Blt,,,false,a58fafc77f049fb89ce96e5c3aebafe96a736bb96a838feeedb5bf1fdce60468,false,unique relocation-aware instruction identity with TH06
0x00466427,25,0x0044422C,CD3DXImage::CD3DXImage,,,false,398fb38619c159ab9cdf1961aa26b0dbf4cb05b6e77d038a2ce5be4876376517,true,unique relocation-aware instruction identity with TH06
0x00466440,89,0x00444245,CD3DXImage::~CD3DXImage,,,false,9c33f6ee032cd0366b865a08ea85b24a2ed0bd3a06d1b5210c3285632234d820,false,unique relocation-aware instruction identity with TH06
0x00466AD4,27,0x004448D9,d3dx_jpeg_error_exit,0x0047C281,FUN_0047c281,false,37f0a098c143e61ecc16d6d744c8d4fb6ffe2cffa2609be53533aeca53e3ce3c,false,unique relocation-aware instruction identity with TH06; unique relocation-aware instruction identity with TH08
0x00466B05,17,0x00444927,d3dx_jpeg_skip_input_data,,,false,81426af5717f4d0c5bbad9aa311bcdad47ff3a5f0e0c3aa777c15adea8ae3e75,true,unique relocation-aware instruction identity with TH06
0x00466B16,597,0x00444939,CD3DXImage::LoadJPG,,,false,2a1ecfed1393a401f2552742b7a6fda564ee8a2a7650de3437269c6371e1751e,false,unique relocation-aware instruction identity with TH06
0x00466D6B,1144,0x00444B8E,CD3DXImage::LoadTGA,,,false,6c333e09cc4e52064eb4ed9a9a75789900de689bac6ac71afeea28365f334f84,false,unique relocation-aware instruction identity with TH06
0x004671E3,642,0x00445006,CD3DXImage::LoadPPM,,,false,d886782dd2cac2a4d5568c8bc325c48ce891c6eda2774c3be30b1c45f3f67b43,false,unique relocation-aware instruction identity with TH06
0x00467465,67,0x00445288,d3dx_png_read_fn,,,false,c8f7e937f95b2bad9e1fc3aaf4ed58c4a86421e831ad07d41a65783fe6f27a00,false,unique relocation-aware instruction identity with TH06
0x004674A8,11,0x0044BC35,D3DX::png_default_error,,,false,2f79f929485e634bfbb0a1c3a1bfae99e5608d3d82310f962818921ea7f155d1,false,unique relocation-aware instruction identity with TH06
0x004674B3,1,,,0x004818A0,FUN_004818a0,false,d77cdcb9086369e1ca2beab40e71c95616cdcb15e941f2eec0d4b8e7d997691b,true,unique relocation-aware instruction identity with TH08
0x004674B4,1302,0x004452CB,CD3DXImage::LoadPNG,,,false,374e68e60b752b5f4b34064cd44cde6d8912b3193ab390b04a84fd33ab7826be,false,unique relocation-aware instruction identity with TH06
0x004679CA,787,0x004457E1,CD3DXImage::LoadDDS,,,false,88896d124b6de9de5852d364a579ae02ca9cf1430e0b4a7d5ba7b1ea8bcb07a1,false,unique relocation-aware instruction identity with TH06
0x00467CDD,48,0x00445AF4,CD3DXImage::LoadBMP,0x0047D576,FUN_0047d576,false,f40ad362b85879513f2d42dde081db9bbd27d048e834c54ba05363eaeaf0463b,false,unique relocation-aware instruction identity with TH06; unique relocation-aware instruction identity with TH08
0x00467D0D,346,0x00445B24,CD3DXImage::Load,,,false,32d2877dcec26742125c7ade5c2ed5aec6f32091634791cd3310039549e125b0,false,unique relocation-aware instruction identity with TH06
0x00467E6E,3,0x004465E9,FUN_004465e9,,,false,c2dfc7e850728f66b3d5ab285bbb5e352b027354bedaaf5f1597b927c51a9a7a,true,unique relocation-aware instruction identity with TH06
0x00467E71,86,0x004465EC,D3DXCOLOR::D3DXCOLOR,,,false,518983fd7787ed6a7bcd716da2b5c3bcf9859d5661634de9d1c3955369199335,false,unique relocation-aware instruction identity with TH06
0x00467EC7,105,0x00446642,CD3DXCodec_V8U8::Decode,,,false,69107a07c2cffb2f7e299379824e8b4a817525a719c7efebbb80c90b9e45a914,false,unique relocation-aware instruction identity with TH06
0x00467F30,150,0x004466AB,CD3DXCodec_L6V5U5::Decode,,,false,213d6dbf6592fad4facc2205b575606577aa28829a5bd12d998a0e7c41abf055,false,unique relocation-aware instruction identity with TH06
0x00467FC6,120,0x00446741,CD3DXCodec_X8L8V8U8::Decode,,,false,e524b412cc4186d9e54a00bc409aa10ebf1bb7132a2b5e2994b857df44f74c7d,false,unique relocation-aware instruction identity with TH06
0x0046803E,126,0x004467B9,CD3DXCodec_Q8W8V8U8::Decode,,,false,0942933ef6cd601cc938a5021b58ba745e87158b58f4e8d2dd0cf09053046808,false,unique relocation-aware instruction identity with TH06
0x004680BC,106,0x00446837,CD3DXCodec_V16U16::Decode,,,false,ea8100c3a13aaa895afca260e30731f8fbb842a86931804356de32717d2213ba,false,unique relocation-aware instruction identity with TH06
0x00468126,159,0x004468A1,CD3DXCodec_W11V11U10::Decode,,,false,a8a8992ac8a8853cf39834ec8dae2b41939b4d4eec80daf06892da5afb618379,false,unique relocation-aware instruction identity with TH06
0x004681C5,44,0x00446940,D3DXCOLOR::operator-,,,false,ac6a9ba1f394cee9f4a4da6e7cb78d1acee038a420a0cfaa101bf320c6b17aab,true,unique relocation-aware instruction identity with TH06
0x00468224,489,0x0044699F,CD3DXCodec::CD3DXCodec,,,false,b2398de08bec6b8ab7cbc499f281b99e4eec55c35be9315720a4bdfe4b35ebae,false,unique relocation-aware instruction identity with TH06
0x00468429,112,0x00446BA4,CD3DXCodec::ColorKey,,,false,ac90bb02ff69dbe7e0ddad1388d3c51286ec824ab27f159fcdf5d2c938f36de1,true,unique relocation-aware instruction identity with TH06
0x00468499,193,0x00446C14,CD3DXCodec_R8G8B8::Encode,,,false,f01d24ce54a6d4cc51ffc1a6ae349f60588dfa745496cb3b136beb9fb4a45bc1,false,unique relocation-aware instruction identity with TH06
0x0046855A,249,0x00446CD5,CD3DXCodec_A8R8G8B8::Encode,,,false,2b82fc7e190c7447a34e6d16fb188d4ad087f90ec089bc6222481f7fe1c12151,false,unique relocation-aware instruction identity with TH06
0x00468653,215,0x00446DCE,CD3DXCodec_X8R8G8B8::Encode,,,false,eb0d16ad00b6c910693d804cc35ef13d54d732df9464eab178cdc9862a1805df,false,unique relocation-aware instruction identity with TH06
0x0046872A,215,0x00446EA5,CD3DXCodec_R5G6B5::Encode,,,false,329770de347d8211701f9ebfeb413114717d0486422b6945ec4fefee32dc6db0,false,unique relocation-aware instruction identity with TH06
0x00468801,215,0x00446F7C,CD3DXCodec_X1R5G5B5::Encode,,,false,9d7df9ef42d80d05fc21d06edbdf7926cdc8bcf8adb7afafd6fe3bf26591d419,false,unique relocation-aware instruction identity with TH06
0x004688D8,243,0x00447053,CD3DXCodec_A1R5G5B5::Encode,,,false,3854205b13eafe488f702d0165e7e7624e12ef246f27304bb0a064132a0c75dd,false,unique relocation-aware instruction identity with TH06
0x004689CB,249,0x00447146,CD3DXCodec_A4R4G4B4::Encode,,,false,4bf70be50f03ce103101d0f2e254689385a14e59f0b204c6e6dcb65386738af7,false,unique relocation-aware instruction identity with TH06
0x00468AC4,209,0x0044723F,CD3DXCodec_R3G3B2::Encode,,,false,8aa51ffac5ff0b6abe3ab795115a2342e1d51fbe79ad1928bfb77421c93ae7d0,false,unique relocation-aware instruction identity with TH06
0x00468B95,130,0x00447310,CD3DXCodec_A8::Encode,,,false,a785821305711c0244b93ad59d84523147ab7001c39b40f40db13e4313c94925,false,unique relocation-aware instruction identity with TH06
0x00468C17,249,0x00447392,CD3DXCodec_A8R3G3B2::Encode,,,false,04d0af37e1ab52f1721568a7296cde2335b7bfa080a872b0962743a78fa80594,false,unique relocation-aware instruction identity with TH06
0x00468D10,215,0x0044748B,CD3DXCodec_X4R4G4B4::Encode,,,false,ccb816091c7ce3042582a3c37a998865910fa42ee53a94274b6614baefb4d1e8,false,unique relocation-aware instruction identity with TH06
0x00468DE7,253,0x00447562,CD3DXCodec_A8P8::Encode,,,false,2e628d91e49378ac52af4a2a4e3fdd30d4816d224c120320a0de1df3068815a4,false,unique relocation-aware instruction identity with TH06
0x00468EE4,186,0x0044765F,CD3DXCodec_P8::Encode,,,false,cb8f37ed19c5d1ddaf4ca4a8165cd6661c822b834d1d27b3aa614621e161f216,true,unique relocation-aware instruction identity with TH06
0x00468F9E,158,0x00447719,CD3DXCodec_L8::Encode,,,false,324381b28d43b02c7a0b5e112734480217e945fc6fa97ae4fe91c7c31dae5fb2,false,unique relocation-aware instruction identity with TH06
0x0046903C,208,0x004477B7,CD3DXCodec_A8L8::Encode,,,false,df67cd88fb24c8dd7c187a163f6da441f6f26596d4b259d224e71ec7349985c7,false,unique relocation-aware instruction identity with TH06
0x0046910C,200,0x00447887,CD3DXCodec_A4L4::Encode,,,false,9213043f7166ee8820c5a9106137e008cf997e212e839e92bfadb4d283eac563,false,unique relocation-aware instruction identity with TH06
0x004691D4,176,0x0044794F,CD3DXCodec_V8U8::Encode,,,false,b7298759a2c06401a32b03dc002a235822b374e282c4526a8877397bc74d8d06,false,unique relocation-aware instruction identity with TH06
0x00469284,223,0x004479FF,CD3DXCodec_L6V5U5::Encode,,,false,99c5fce71aba080f7792569837937c59129f8eca64494b29c2db1fbde8e091f5,false,unique relocation-aware instruction identity with TH06
0x00469363,231,0x00447ADE,CD3DXCodec_X8L8V8U8::Encode,,,false,80f16ce01ba69ad65404b9979589388cc896f078ba283efe83016381c4c2abd0,false,unique relocation-aware instruction identity with TH06
0x0046944A,273,0x00447BC5,CD3DXCodec_Q8W8V8U8::Encode,,,false,951d511918bf83001008e415523cf918de3e824449b6c9fc1a88384b5b2001a6,false,unique relocation-aware instruction identity with TH06
0x0046955B,177,0x00447CD6,CD3DXCodec_V16U16::Encode,,,false,be0ceb1c04e004ecb915fa604a3b160a19060b84dfc9440e05e0bc33639bc58f,false,unique relocation-aware instruction identity with TH06
0x0046960C,236,0x00447D87,CD3DXCodec_W11V11U10::Encode,,,false,66b13c33320e553de0f1144006cb5ddf5144ba84c4d7c4ed3d86bf567063aa34,false,unique relocation-aware instruction identity with TH06
0x004696F8,140,0x00447E73,CD3DXCodec_R8G8B8::Decode,,,false,e286bd7d96d166cca4cf658b1265207adbc5606bc0b4262b43cc54d9eba9b8d8,false,unique relocation-aware instruction identity with TH06
0x00469784,162,0x00447EFF,CD3DXCodec_A8R8G8B8::Decode,,,false,e8fa8c258561ddebb29191c65e3a5e646c9b35d9f18ced69356188741f2b1d66,false,unique relocation-aware instruction identity with TH06
0x00469826,152,0x00447FA1,CD3DXCodec_X8R8G8B8::Decode,,,false,c49940147f84a1d954f51730ff2063c3bb1ccc53b1a9ecfba2cbb3433923c2dc,false,unique relocation-aware instruction identity with TH06
0x004698BE,165,0x00448039,CD3DXCodec_R5G6B5::Decode,,,false,0dd1455dd2ffba16478381e448023615a623bdb0fb513d60d509d81093ba1d38,false,unique relocation-aware instruction identity with TH06
0x00469963,162,0x004480DE,CD3DXCodec_X1R5G5B5::Decode,,,false,3eb099fbca603c5af2b94c66a7d9def7d76e9197eab995513779e7939f13b066,false,unique relocation-aware instruction identity with TH06
0x00469A05,176,0x00448180,CD3DXCodec_A1R5G5B5::Decode,,,false,0d28680c626931111ebf9165598d301506c022ea1238ebeccc0136ca5083662a,false,unique relocation-aware instruction identity with TH06
0x00469AB5,175,0x00448230,CD3DXCodec_A4R4G4B4::Decode,,,false,763947f49f2c9f82258ab0678bf9fad07a2c2f4c495aecd5327697a05716e9b3,false,unique relocation-aware instruction identity with TH06
0x00469B64,162,0x004482DF,CD3DXCodec_R3G3B2::Decode,,,false,8a39721c9fad6399e58a3fb4cb1183ba3dbe986eb44fd8850810d141870ada60,false,unique relocation-aware instruction identity with TH06
0x00469C06,114,0x00448381,CD3DXCodec_A8::Decode,,,false,1c833c0368b9226da478ed600aa143598e4f5391e3f89fc42d0bbaa7ed69392b,false,unique relocation-aware instruction identity with TH06
0x00469C78,178,0x004483F3,CD3DXCodec_A8R3G3B2::Decode,,,false,47fce3ebc8e295ade856c9d9739767814d8e347631c50a80b71ae3bba73faeb7,false,unique relocation-aware instruction identity with TH06
0x00469D2A,159,0x004484A5,CD3DXCodec_X4R4G4B4::Decode,,,false,b2fe40fa61a4ed9236f566b98e94301145feeb34e370e078334829e7fba9583c,false,unique relocation-aware instruction identity with TH06
0x00469DC9,135,0x00448544,CD3DXCodec_A8P8::Decode,,,false,d964752312ba8c018e16dfdb0ac41fa2ee18ded2ec84aa80f3c361886a11edd2,false,unique relocation-aware instruction identity with TH06
0x00469E50,100,0x004485CB,CD3DXCodec_P8::Decode,,,false,513fbd6cab983db37f3c6c23097843cf82d1fedb25adb8fd664d3c4f8f8899bd,true,unique relocation-aware instruction identity with TH06
0x00469EB4,110,0x0044862F,CD3DXCodec_L8::Decode,,,false,b34cb95eaa822cf350c3ea175d0344f54f65922e4708e842dec426aeddc55a6a,false,unique relocation-aware instruction identity with TH06
0x00469F22,137,0x0044869D,CD3DXCodec_A8L8::Decode,,,false,ad6ae45e3e330cbe3e4b49dd27c811d4b0ee62bd6edd493fafe675a1c7326baf,false,unique relocation-aware instruction identity with TH06
0x00469FAB,137,0x00448726,CD3DXCodec_A4L4::Decode,,,false,d909cc95339357152fc1bcbfca3a0015be45b6b1be77ce459c45db226d5229cf,false,unique relocation-aware instruction identity with TH06
0x0046A034,209,0x004487AF,CD3DXCodecYUV::CD3DXCodecYUV,,,false,5caebf798c0900e1f5a39563c2caa49c5245285e86e41bca6c7fc0fc378f55d0,false,unique relocation-aware instruction identity with TH06
0x0046A105,499,0x00448880,CD3DXCodecYUV::Commit,,,false,fd8592db9133b86ef91b42ae75b458c461238455e53990c4f427eb69d0f7ac41,false,unique relocation-aware instruction identity with TH06
0x0046A2F8,721,0x00448A73,CD3DXCodecYUV::Fetch,,,false,4f722b0e51e7da29c9afc35bf931577ca486dbcab70c9499ba67cefe5946e243,false,unique relocation-aware instruction identity with TH06
0x0046A5C9,120,0x00448D44,CD3DXCodecYUV::Encode,,,false,60ad1ca1796ddf45c06cd33ee0d3f277145d2384984cb95cac9fdc8b9035f4d7,true,unique relocation-aware instruction identity with TH06
0x0046A641,111,0x00448DBC,CD3DXCodecYUV::Decode,,,false,85fbd06d6ab402feec1b29d791847d8c65891aa364a83a3a9e7801ba519ab00b,true,unique relocation-aware instruction identity with TH06
0x0046A6B0,279,0x00448E2B,CD3DXCodecDXT::CD3DXCodecDXT,,,false,0c588325fc7e7ccc3dde2db65f6bf93f19c80a63b8dd1c3a709059fed5c9363c,false,unique relocation-aware instruction identity with TH06
0x0046A7C7,813,0x00448F42,CD3DXCodecDXT::Commit,,,false,80d7d7331cee75f9bfcb67d5d77ce313e53388241188f8d338aa8d5904dce413,false,unique relocation-aware instruction identity with TH06
0x0046AAF4,679,0x0044926F,CD3DXCodecDXT::Fetch,,,false,31313fe34e1d89fb9dc6b86fb81ce7c6dcf6a0e6eef1e18d1d4744acbb9c2284,false,unique relocation-aware instruction identity with TH06
0x0046AD9B,134,0x00449516,CD3DXCodecDXT::Encode,,,false,b9542000e68d638e02384f54d9aae845a4ed7517b07f9cae53bf7eed7a9eb857,true,unique relocation-aware instruction identity with TH06
0x0046AE21,116,0x0044959C,CD3DXCodecDXT::Decode,,,false,0165bf512eb3de9363ba1f4ad579ac76cba739945472a58ac57c920b5c8b6358,true,unique relocation-aware instruction identity with TH06
0x0046AEB1,5,0x0045BF1F,operator_delete,,,false,e7c6357cde51ca93207d330f3267932d3633dc59581b0927784e011867a61002,false,unique relocation-aware instruction identity with TH06
0x0046AEB6,69,0x00449631,CD3DXCodecYUV::~CD3DXCodecYUV,,,false,2dc7fa2ef11d3e31a3f27b35d2008f332335aac4e40452eb110a5cb7e0ae7bef,false,unique relocation-aware instruction identity with TH06
0x0046AEFB,84,0x00449676,CD3DXCodecDXT::~CD3DXCodecDXT,,,false,0160875be20e781ad284f6b69d2faff0db851a99181264eaeeb2d27dc9c4a94a,false,unique relocation-aware instruction identity with TH06
0x0046B5B3,5,0x0045BF1F,operator_delete,,,false,e7c6357cde51ca93207d330f3267932d3633dc59581b0927784e011867a61002,false,unique relocation-aware instruction identity with TH06
0x0046B5D4,5,0x0045BF1F,operator_delete,,,false,e7c6357cde51ca93207d330f3267932d3633dc59581b0927784e011867a61002,false,unique relocation-aware instruction identity with TH06
0x0046B5D9,192,0x00449D54,D3DX::jpeg_CreateDecompress,0x00487183,FUN_00487183,false,b3bab0c91fd60abc0f6401937d844bd536c9acae23fc250a88e1e1ab62a06e86,false,unique relocation-aware instruction identity with TH06; unique relocation-aware instruction identity with TH08
0x0046B699,5,0x0045BF1F,operator_delete,,,false,e7c6357cde51ca93207d330f3267932d3633dc59581b0927784e011867a61002,false,unique relocation-aware instruction identity with TH06
0x0046B69E,383,0x00449E19,D3DX::default_decompress_parms,,,false,ddd0ac779fea6202d608e370e5077554433ebe6a0f26707631399c5a29d16e44,true,unique relocation-aware instruction identity with TH06
0x0046B81D,154,0x00449F98,D3DX::jpeg_consume_input,0x004873BB,FUN_004873bb,false,b27ef9266ec28864625c9e287e3640ed1d539a2820ba21938a85ff892d452e1f,false,unique relocation-aware instruction identity with TH06; unique relocation-aware instruction identity with TH08
0x0046B8B7,161,0x0044A032,D3DX::jpeg_finish_decompress,,,false,e5f8d20f301c1fbe21b1b98adeed6905980d9f0cc8740ec20317f92e1958f9ac,false,unique relocation-aware instruction identity with TH06
0x0046B958,99,0x0044A0D3,D3DX::jpeg_read_header,0x004874FC,FUN_004874fc,false,1d255199afdbcfc0a79a82f4d7e7065a8f70b74070462836a14bde1854d2c81e,false,unique relocation-aware instruction identity with TH06; unique relocation-aware instruction identity with TH08
0x0046B9BB,164,0x0044A136,D3DX::output_pass_setup,,,false,1c48d76fe079875ae562181258435e5116ba49fbc86025e365f31f99cd35fae5,true,unique relocation-aware instruction identity with TH06
0x0046BA5F,132,0x0044A1DA,D3DX::jpeg_read_scanlines,0x00487608,FUN_00487608,false,96f66fa3fbad92b3d41ccd107b0a39ad073914e782c0463e23f7c6ec17714cd0,true,unique relocation-aware instruction identity with TH06; unique relocation-aware instruction identity with TH08
0x0046BAE3,193,0x0044A25E,D3DX::jpeg_start_decompress,0x0048768C,FUN_0048768c,false,4db9d5e74937cb94caa765456933927f1b65f66afb9542f876364c7a0ebb855c,false,unique relocation-aware instruction identity with TH06; unique relocation-aware instruction identity with TH08
0x0046BBA4,142,0x0044A31F,D3DX::get_soi,0x0048774D,FUN_0048774d,false,9e29eef4189a187cf335b25a3db3b66abb322b30faca9865a2d0fd16dbcf1bd5,true,unique relocation-aware instruction identity with TH06; unique relocation-aware instruction identity with TH08
0x0046BC32,763,0x0044A3AD,D3DX::get_sof,0x004877DB,FUN_004877db,false,465945bf06dcb36d48a5b84ee48a2d42245efd4e994b4fe2cfe5887853e32fff,true,unique relocation-aware instruction identity with TH06; unique relocation-aware instruction identity with TH08
0x0046BF2D,745,0x0044A6A8,D3DX::get_sos,,,false,877a57e5efb7a47a390a80cbadf099da47c768e3d775d63c4b4253cc80053287,true,unique relocation-aware instruction identity with TH06
0x0046C216,572,0x0044A991,D3DX::get_app0,0x00487D88,FUN_00487d88,false,a732701933a578441fe79820e761825ff2aaeb0173d9cc5ee8583291aad33115,true,unique relocation-aware instruction identity with TH06; unique relocation-aware instruction identity with TH08
0x0046C452,378,0x0044ABCD,D3DX::get_app14,0x00487FC4,FUN_00487fc4,false,c42b86bae8aeba85c8d84eafb946aaa093d81a99a411a8d81ea595931bc99e9e,true,unique relocation-aware instruction identity with TH06; unique relocation-aware instruction identity with TH08
0x0046C5CC,343,0x0044AD47,D3DX::get_dac,,,false,a21e9d97f2b5774622e511c6447eaf12f2fe20a65274575e3dc6cdc0950accf0,true,unique relocation-aware instruction identity with TH06
0x0046C723,660,0x0044AE9E,D3DX::get_dht,0x00488295,FUN_00488295,false,23247bfc7020ef8a4e8025d06fe32aadb1c8a8337cda8b94e4dcc2a1519ee55b,false,unique relocation-aware instruction identity with TH06; unique relocation-aware instruction identity with TH08
0x0046C9B7,586,0x0044B132,D3DX::get_dqt,,,false,85f38bb98642e78acdfeb624f050e9ea3d7d0334cfb7ab37722c7cf728036484,false,unique relocation-aware instruction identity with TH06
0x0046CC01,223,0x0044B37C,D3DX::get_dri,,,false,3a2bddbb5230ac2d3ca4653272494fd2bcac22fe407bdd27f2dbf3868d4633c5,true,unique relocation-aware instruction identity with TH06
0x0046CCE0,156,0x0044B45B,D3DX::skip_variable,,,false,d45e49a093a96d39de83659452a95a9e89e969ad62a4afc01f65b00bd7e7854f,true,unique relocation-aware instruction identity with TH06
0x0046CD7C,215,0x0044B4F7,D3DX::next_marker,0x004888C5,FUN_004888c5,false,79a30fd8b90e899c5f586d4d68997bfa0c1e6cf5a6b178806e5d8f0c062d78f0,true,unique relocation-aware instruction identity with TH06; unique relocation-aware instruction identity with TH08
0x0046CE53,152,0x0044B5CE,D3DX::first_marker,,,false,99472032285cf3fedc9112a40697a2f5fb7f6233c2082cf2b93f0a8a045994c9,true,unique relocation-aware instruction identity with TH06
0x0046CEEB,500,0x0044B666,D3DX::read_markers,,,false,12e5280c3b3214657ff9f76bf5e6a541896995ed2247c5c9163aeca77dc22d2e,true,unique relocation-aware instruction identity with TH06
0x0046D0DF,126,0x0044B85A,D3DX::read_restart_marker,0x00488C20,FUN_00488c20,false,c8d2313584b6b0503db3401910379369a109d855879032272fb6d33fdee0c2fc,false,unique relocation-aware instruction identity with TH06; unique relocation-aware instruction identity with TH08
0x0046D15D,239,0x0044B8D8,D3DX::jpeg_resync_to_restart,,,false,77ef0df1e4e3d7c8e51f0ac3ea489ede9e7b2fe4e0d73c765d1da55417984549,true,unique relocation-aware instruction identity with TH06
0x0046D24C,42,0x0044B9C7,D3DX::reset_marker_reader,0x00488D8D,FUN_00488d8d,false,b45a682ed8023e00d6942dac9136fcf82ec30fc3f37e5d629bdac0fac71dc6b3,true,unique relocation-aware instruction identity with TH06; unique relocation-aware instruction identity with TH08
0x0046D276,125,0x0044B9F1,D3DX::jinit_marker_reader,0x00488DB7,FUN_00488db7,false,9d5d1aab1ea6a25df0916ccf979deefca0447387f18e797f4b912804b739f601,false,unique relocation-aware instruction identity with TH06; unique relocation-aware instruction identity with TH08
0x0046D30E,29,0x004448F5,d3dx_jpeg_output_message,,,false,aba5234962d8677abd5bf10da2dc53c29722869784b52a369a2e4cb4300713d1,true,unique relocation-aware instruction identity with TH06
0x0046D32B,49,0x0044BA89,D3DX::emit_message,,,false,ce7c0172375a7de92368deb8ad36af40eee0a95d389980ec096fb5ed56188f05,true,unique relocation-aware instruction identity with TH06
0x0046D35C,151,0x0044BABA,D3DX::format_message,,,false,7728172cbff9276c670d2388d582ad9323afd1773680ba483a5f5dc34a25a896,false,unique relocation-aware instruction identity with TH06
0x0046D3F3,17,0x0044BB51,D3DX::reset_error_mgr,,,false,d78078a57513a0dad974f55ddedbc71075f593865c749c37b51f375e45693c2d,true,unique relocation-aware instruction identity with TH06
0x0046D404,76,0x0044BB62,D3DX::jpeg_std_error,0x00488F45,FUN_00488f45,false,f8326a29e922d928a1e5ad7be9f65a8ceaf51d4827968282d605a74fa80c02ae,false,unique relocation-aware instruction identity with TH06; unique relocation-aware instruction identity with TH08
0x0046D4D7,26,0x0044BC40,D3DX::png_set_error_fn,0x00489018,FUN_00489018,false,cf0b93870c77642f3360a71267d3e33b85747769d9fc3511146aa9d8ad5f1450,true,unique relocation-aware instruction identity with TH06; unique relocation-aware instruction identity with TH08
0x0046D514,21,0x0044BC7D,D3DX::png_warning,0x00489050,FUN_00489050,false,1d71b42564191c01abb7870c9c1d935084deb50db97b80a342e9ea1f3ac8f0ff,true,unique relocation-aware instruction identity with TH06; unique relocation-aware instruction identity with TH08
0x0046D573,259,0x0044BCDC,D3DX::png_create_read_struct,0x004890AF,FUN_004890af,false,6687cc12d6cae6126e9cad47f655c6aa493554fbeb451018565a85a3cfb2568d,false,unique relocation-aware instruction identity with TH06; unique relocation-aware instruction identity with TH08
0x0046D676,372,0x0044BDDF,D3DX::png_read_info,,,false,bb5b2f3a4f2a148f3388cac54ebd30921521f5dc9480654535a6c539fceb9969,false,unique relocation-aware instruction identity with TH06
0x0046D7EA,32,0x0044BF53,D3DX::png_read_update_info,0x00489325,FUN_00489325,false,d213d41e13d36c93bb4c1ce79a9030de0b89be74a15cfb69ab2a7d6ff136ddc5,false,unique relocation-aware instruction identity with TH06; unique relocation-aware instruction identity with TH08
0x0046DBB2,77,0x0044C31B,D3DX::png_read_image,,,false,a9357a37eb06b3fa405bfb02846ec52a1f89f9ffa99b27b4c009a2e7159ffd82,true,unique relocation-aware instruction identity with TH06
0x0046DBFF,291,0x0044C368,D3DX::png_read_destroy,0x00489739,FUN_00489739,false,3f0ffe79e874256ff392544986400082508655f7ffd817eb252cae14e64a13ca,false,unique relocation-aware instruction identity with TH06; unique relocation-aware instruction identity with TH08
0x0046DD22,129,0x0044C48B,D3DX::png_destroy_read_struct,0x0048985C,FUN_0048985c,false,95fae6e6e372cca6c42996671c4853c86ab7f59258de378864da5e7e8b1bdaa7,false,unique relocation-aware instruction identity with TH06; unique relocation-aware instruction identity with TH08
0x0046DDA3,26,0x0044C50C,D3DX::png_get_valid,0x004898DD,FUN_004898dd,false,86f0181d03be961c790167e698c1a8dde61695e73afe77ec38ccccf87b1e7453,true,unique relocation-aware instruction identity with TH06; unique relocation-aware instruction identity with TH08
0x0046DDBD,22,0x0044C526,D3DX::png_get_rowbytes,0x004898F7,FUN_004898f7,false,6b33e272cba817824af8f899ae59b3e81f9f8ec6ef700e4050d7c7285fe34caf,true,unique relocation-aware instruction identity with TH06; unique relocation-aware instruction identity with TH08
0x0046DDD3,22,0x0044C53C,D3DX::png_get_channels,0x0048990D,FUN_0048990d,false,8349d2325f4354036106caa0ff6414d5dae57ffaa90eeec125badc95e00ec5cb,true,unique relocation-aware instruction identity with TH06; unique relocation-aware instruction identity with TH08
0x0046DDE9,41,0x0044C552,D3DX::png_get_gAMA,0x00489923,FUN_00489923,false,e30bc3e42e9ea6fb570dfad265049a4c19dd0f3e0b010ecb3242533c318966fc,true,unique relocation-aware instruction identity with TH06; unique relocation-aware instruction identity with TH08
0x0046DE12,43,0x0044C57B,D3DX::png_get_sRGB,0x0048994C,FUN_0048994c,false,3620889fc9b5029e44cc8c4d2222b00e50ed4f2a4bc438847c484abdc961682c,true,unique relocation-aware instruction identity with TH06; unique relocation-aware instruction identity with TH08
0x0046DE3D,209,0x0044C5A6,D3DX::png_get_IHDR,0x00489977,FUN_00489977,false,4d3466dda73e39f746face6f30a632c8ec81c6675da0e5d35e2244fba5c09a96,false,unique relocation-aware instruction identity with TH06; unique relocation-aware instruction identity with TH08
0x0046DF0E,51,0x0044C677,D3DX::png_get_PLTE,0x00489A48,FUN_00489a48,false,3b9aa198700b3f268defe18a540d5003c6b9898ce4781580597916699d9f7b11,true,unique relocation-aware instruction identity with TH06; unique relocation-aware instruction identity with TH08
0x0046DF41,103,0x0044C6AA,D3DX::_png_get_tRNS,0x00489A7B,FUN_00489a7b,false,9c6bdb92046dcb8e77551d615b8161834cc61ce79e1f2692edc0d0ccd84bf9ab,true,unique relocation-aware instruction identity with TH06; unique relocation-aware instruction identity with TH08
0x0046DFA8,9,0x0044C711,D3DX::png_set_bgr,0x00489AE2,FUN_00489ae2,false,ca7aaf5cad7dc19310751305ac6825962fbbf80fafa2abdb03172fef3b38fb99,true,unique relocation-aware instruction identity with TH06; unique relocation-aware instruction identity with TH08
0x0046DFB1,25,0x0044C71A,D3DX::png_set_packing,0x00489AFD,FUN_00489afd,false,d727b6a7dc91d8cb121eb047fd057413ffa94443e2be80a6cad6f3fe8f570023,true,unique relocation-aware instruction identity with TH06; unique relocation-aware instruction identity with TH08
0x0046DFCA,25,0x0044C733,D3DX::png_set_interlace_handling,0x00489B16,FUN_00489b16,false,4d38b840d979973ac4eabc2b84dc2a661bb906c9a50bb986c3c66ebd18703129,true,unique relocation-aware instruction identity with TH06; unique relocation-aware instruction identity with TH08
0x0046DFE3,77,0x0044C74C,D3DX::png_set_filler,0x00489B2F,FUN_00489b2f,false,387f3963a7588aa2052e7c69e3eec6f5ca797e7de16a69c7efa01231b077396a,true,unique relocation-aware instruction identity with TH06; unique relocation-aware instruction identity with TH08
0x0046E030,191,0x0044C799,D3DX::png_do_bgr,,,false,7ad029eeee08dba68bea8e19c8b87700c571dd291293e6a6e9b9f0ad98552b8d,true,unique relocation-aware instruction identity with TH06
0x0046E0EF,9,0x0044C858,D3DX::png_set_strip_16,,,false,25fa996b09be83d36e5603dd1de5f02d4f661fb4f16355ffef38992cbf41525c,true,unique relocation-aware instruction identity with TH06
0x0046E0F8,54,0x0044C861,D3DX::png_set_gamma,0x00489C68,FUN_00489c68,false,5eda656217ed69d0c04f0cacd580ad200fb5f9abe40ac704d7a333874a155629,false,unique relocation-aware instruction identity with TH06; unique relocation-aware instruction identity with TH08
0x0046E12E,9,0x0044C897,D3DX::png_set_expand,0x00489C9E,FUN_00489c9e,false,eb4f5b478e2aa5f43abc08a1b66fc3e903be80210a94dc09a8b4228ad1c5b943,true,unique relocation-aware instruction identity with TH06; unique relocation-aware instruction identity with TH08
0x0046E137,235,0x0044C8A0,D3DX::png_read_transform_info,0x00489CA7,FUN_00489ca7,false,92fdc43deb2bb7d2b9e3a61bf30aa0b976c8d17765e5287dec29847434b4f0af,true,unique relocation-aware instruction identity with TH06; unique relocation-aware instruction identity with TH08
0x0046E222,271,0x0044C98B,D3DX::png_do_unpack,,,false,88d85fbd98fcd7921766076cfa82b775f202bee646031aaf2e23ba48f7e996e4,true,unique relocation-aware instruction identity with TH06
0x0046E331,379,0x0044CA9A,D3DX::png_do_unshift,,,false,fa49bc76e36964fac2d255dda727590340d05e938945f68798e035482e9f664e,true,unique relocation-aware instruction identity with TH06
0x0046E4AC,68,0x0044CC15,D3DX::png_do_chop,0x0048A019,FUN_0048a019,false,d0ea4faa784cc5d2ef5826a6b59ece682b03c95c56c60d6e9bf14e8e5bc56870,true,unique relocation-aware instruction identity with TH06; unique relocation-aware instruction identity with TH08
0x0046E4F0,567,0x0044CC59,D3DX::png_do_read_filler,,,false,242101305951e8859bd61b946c989c590067421fdeac887136e2ee9426c043cb,true,unique relocation-aware instruction identity with TH06
0x0046E727,882,0x0044CE90,D3DX::png_do_gamma,,,false,edbc727647428b79faf7f6bb62f89bdd28081c8a6a9951acbea936c673a54a82,true,unique relocation-aware instruction identity with TH06
0x0046EA99,519,0x0044D202,D3DX::png_do_expand_palette,,,false,1fad0c1a7472bdb87a37c99ec444269e2c55e376d07ae1cc9f077a76157aca0d,true,unique relocation-aware instruction identity with TH06
0x0046ECA0,851,0x0044D409,D3DX::png_do_expand,,,false,5be2485345f31e46de45021b282bed442b158a19fe554d0f705391ae999a82c1,true,unique relocation-aware instruction identity with TH06
0x0046EFF3,269,0x0044D75C,D3DX::png_do_dither,,,false,f944b0cb3fafa10bc62c93260855249da0a39bc15a441ff95e23c3cd4e28ddcb,true,unique relocation-aware instruction identity with TH06
0x0046F3FF,277,0x0044DB68,D3DX::png_init_read_transformations,,,false,6551fb72c1e8e044805230268826a2aaeddbd9b5bc36f72ac80785c9646a9eab,true,unique relocation-aware instruction identity with TH06
0x0046F514,412,0x0044DC7D,_png_do_read_transformations,,,false,f505b6657d4b6112018d37932881e1666de6260285ec83554bc4f53c03726e61,false,unique relocation-aware instruction identity with TH06
0x0046F6B0,27,0x0044DE19,D3DX::png_set_gAMA,0x0048B21F,FUN_0048b21f,false,30d0c882314a4d7eb08246bdd5ad860726ae1570fa6fd4509ee5896c17ac0cf6,true,unique relocation-aware instruction identity with TH06; unique relocation-aware instruction identity with TH08
0x0046F6CB,162,0x0044DE34,_png_set_IHDR,,,false,d79eee8793e954d8fe6c3c35c18a97cad39ecc807c6d08d00e71af6783f3a87b,false,unique relocation-aware instruction identity with TH06
0x0046F76D,36,0x0044DED6,D3DX::png_set_PLTE,0x0048B2DB,FUN_0048b2db,false,40f5466d72ab7ba4e94e39e5886e1f682e354fe2bf29deb0d807c562c45cc142,true,unique relocation-aware instruction identity with TH06; unique relocation-aware instruction identity with TH08
0x0046F791,27,0x0044DEFA,D3DX::png_set_sRGB,0x0048B2FF,FUN_0048b2ff,false,f6fc05d322f96adb7e8a2fad7548da1e62267f224aa59a53b6fd3e179d0df346,true,unique relocation-aware instruction identity with TH06; unique relocation-aware instruction identity with TH08
0x0046F7AC,57,0x0044DF15,D3DX::png_set_sRGB_gAMA_and_cHRM,0x0048B31A,FUN_0048b31a,false,dedceb6349db6f22bf14fbf665d2274dcefab878938ebba6d50f1550e67ef1e8,false,unique relocation-aware instruction identity with TH06; unique relocation-aware instruction identity with TH08
0x0046F7E5,71,0x0044DF4E,D3DX::png_set_tRNS,0x0048B353,FUN_0048b353,false,8ac5c701f24e863367c32f1ab5a7212ddbe863c2bb4cb878f7551390e250eb8e,true,unique relocation-aware instruction identity with TH06; unique relocation-aware instruction identity with TH08
0x0046F854,63,0x0044DFBD,D3DX::png_set_read_fn,0x0048B3C2,FUN_0048b3c2,false,bbd981de2f50b7e2561bc9c23bc9aa192248038b2f9c64685d932ccd7b2df4f3,false,unique relocation-aware instruction identity with TH06; unique relocation-aware instruction identity with TH08
0x0046F8DB,83,0x0044E044,D3DX::png_zalloc,0x0048B449,FUN_0048b449,false,2b422f646baf2e1d3ea04f855331d77755ff47a0d748a0da009c0a1ada2fa3a2,false,unique relocation-aware instruction identity with TH06; unique relocation-aware instruction identity with TH08
0x0046F92E,5,0x0045BF1F,operator_delete,,,false,e7c6357cde51ca93207d330f3267932d3633dc59581b0927784e011867a61002,false,unique relocation-aware instruction identity with TH06
0x0046F933,24,0x0044E09C,D3DX::png_reset_crc,0x0048B4A1,FUN_0048b4a1,false,48b88040ad8d64e4b8177b1c7dff706766ae2d08408755f4ecb5dbb2d7d0ce0c,false,unique relocation-aware instruction identity with TH06; unique relocation-aware instruction identity with TH08
0x0046F94B,63,0x0044E0B4,D3DX::png_calculate_crc,0x0048B4B9,FUN_0048b4b9,false,0de62ba212a3aa23e3941333c93d5310dbbb2c1f4c7f98e49d239cf2b4dfee13,false,unique relocation-aware instruction identity with TH06; unique relocation-aware instruction identity with TH08
0x0046F98A,14,0x0044E0F3,D3DX::png_info_init,,,false,7fce19e6249a4db9aff27a28a6c576b4a31ad9bd3f077a7586d769922415633f,true,unique relocation-aware instruction identity with TH06
0x0046F9A3,34,0x0044E10C,D3DX::png_create_info_struct,,,false,4a52751226329af7efbe7c22c3edc0390b5b09912e33f906e79aee0c9311fbe4,true,unique relocation-aware instruction identity with TH06
0x0046FA2E,38,0x0044E197,XXDecodeBlockRGB,,,false,3ead9cdc423502c59e97f21859d424813559b3b41fcadbb1bfd212cf7cba9c56,true,unique relocation-aware instruction identity with TH06
0x0046FA54,50,0x0044E1BD,ColorToFcolor,,,false,0214cd194fa0c691f9c84e6deac4c76c93af8778ae6cc27ba7f712e6d90ed73a,false,unique relocation-aware instruction identity with TH06
0x0046FABB,48,0x0044E224,ColorToRGB,,,false,9ca43fd7fb1ae3729b17a63abe217a70595739f190673607c0f984d07d6cfc9c,true,unique relocation-aware instruction identity with TH06
0x0046FAEB,77,0x0044E254,RGBToColor,,,false,182402dbb0a86ac06156f57350e3480389fff118992130d8dc9c3770d5435031,true,unique relocation-aware instruction identity with TH06
0x0046FB38,159,0x0044E2A1,Square3x3,,,false,d84c7155626848866582c0e739e8ca6a41c745d6500ffd4c05365fd7bd8121df,true,unique relocation-aware instruction identity with TH06
0x0046FBD7,139,0x0044E340,Quantize,,,false,473173b025ecebdaa721fb134b7f07bbffb8661d7762ddb721aaed58bbd16494,true,unique relocation-aware instruction identity with TH06
0x0046FC62,306,0x0044E3CB,ClipExtrema,,,false,5b747df821d814e6d1d99704572b834c8edb60a186848bef108fbe7dc11ce54d,false,unique relocation-aware instruction identity with TH06
0x0046FD94,97,0x0044E4FD,AllSame,,,false,7c286266788b34510dc4621521f0b6e04c1e24450a0eff8a6e8464fb5faebef5,true,unique relocation-aware instruction identity with TH06
0x0047028C,233,0x0044E9F5,DecodeBlockRGB,,,false,9e1f75c9b07782aa0193d717c2e4be0dd39818ac1e9c6498a4215b24c81936ef,true,unique relocation-aware instruction identity with TH06
0x00470375,78,0x0044EADE,DecodeBlockAlpha4,,,false,f4a5c18bd13addeb66a543648b4c7a466659a18eff7623408e37ff7d17f3dc9b,true,unique relocation-aware instruction identity with TH06
0x004703C3,256,0x0044EB2C,DecodeBlockAlpha3,,,false,fe2c474369a6afe2c3c619e4ffdf4a4c82e35bf3c04851e353dd577e507e2616,true,unique relocation-aware instruction identity with TH06
0x004704C3,50,0x0044EC2C,EncodeBlockRGB,,,false,08a8fab79fdf217968dd272a1c89f57cc6d9cc98d8a49b2bbea4676d298ab0ee,true,unique relocation-aware instruction identity with TH06
0x004704F5,89,0x0044EC5E,EncodeBlockAlpha4,,,false,60bad405abebf62232053a42a32a04e72b1c81d82855b3ac99c8a61c0d5cafe6,true,unique relocation-aware instruction identity with TH06
0x0047054E,342,0x0044ECB7,EncodeBlockAlpha3,,,false,fdf97a75813679a689741a18ac4c77e241c3089515153966178fa08856378e07,true,unique relocation-aware instruction identity with TH06
0x004706A4,16,0x0044EE0D,D3DX::jdiv_round_up,0x00495C2F,FUN_00495c2f,false,66a5b6aa3bd138909f9764860e7713ce07f9771e758cc9d584aa9235cfea30dd,true,unique relocation-aware instruction identity with TH06; unique relocation-aware instruction identity with TH08
0x004706B4,24,0x0044EE1D,D3DX::jround_up,0x00495C3F,FUN_00495c3f,false,7fb944ffcb87ac117435f5255eae18eaaea7f7ab4370466288e7b363579997ba,true,unique relocation-aware instruction identity with TH06; unique relocation-aware instruction identity with TH08
0x004706CC,71,0x0044EE35,D3DX::jcopy_sample_rows,,,false,95d21b1320dfe53c76cdbd14615b8ebda174804cc3f0c835aec369eafb2e41b1,true,unique relocation-aware instruction identity with TH06
0x00470713,34,0x0044EE7C,D3DX::jcopy_block_row,0x00495C9E,FUN_00495c9e,false,43b217d5ca41e5f8455ea36db261f1ec327829e27ac0c3b931e2dc6cc94f1a66,true,unique relocation-aware instruction identity with TH06; unique relocation-aware instruction identity with TH08
0x00470735,27,0x0044EE9E,D3DX::jzero_far,0x00495CC0,FUN_00495cc0,false,0d53ec8f53de0f06f60a83b9025bf735b05d5cda6573ecc7efb16a24d10b3435,true,unique relocation-aware instruction identity with TH06; unique relocation-aware instruction identity with TH08
0x00470781,443,0x0044EEEA,D3DX::initial_setup,,,false,c8c89f557a28c59208fe61f98e3b0ca81d547fbca3dbf0750958292b1cb56125,true,unique relocation-aware instruction identity with TH06
0x0047093C,374,0x0044F0A5,D3DX::per_scan_setup,0x00495EC8,FUN_00495ec8,false,18efaf8d1b90ea18a31ad9eaaea69ece3859d6692b42bd0e8301974fe8254807,false,unique relocation-aware instruction identity with TH06; unique relocation-aware instruction identity with TH08
0x00470AB2,146,0x0044F21B,D3DX::latch_quant_tables,,,false,c4993c6da042bf4aa86fb112fc5923a7fbd72ac01e0de419aeee1e7b28c2718c,true,unique relocation-aware instruction identity with TH06
0x00470B44,58,0x0044F2AD,D3DX::start_input_pass,0x004960D0,FUN_004960d0,false,dd045c1fa82967d8ba8032f35aa9ea40cda378931f4a503096dfe5e579519d27,true,unique relocation-aware instruction identity with TH06; unique relocation-aware instruction identity with TH08
0x00470B7E,147,0x0044F2E7,D3DX::consume_markers,,,false,423ecef916ecbc6b3b80cb827de605d6547bd6a65fa80a720c1893248a9bbab0,true,unique relocation-aware instruction identity with TH06
0x00470C11,55,0x0044F37A,D3DX::reset_input_controller,0x0049619D,FUN_0049619d,false,f81b71bd91ec8d7fba9ae04cd8ff08b2d81330678ae5bb274194b4c5ae160fa2,false,unique relocation-aware instruction identity with TH06; unique relocation-aware instruction identity with TH08
0x00470C48,17,0x0044F3B1,D3DX::finish_input_pass,,,false,8c76ab00ca4dce1cecc23f181e5bf9ddc59ee35d4f6abbcbb966d9cb2df0843b,false,unique relocation-aware instruction identity with TH06
0x00470C59,65,0x0044F3C2,D3DX::jinit_input_controller,0x004961E5,FUN_004961e5,false,6181e87086e63cf4be8451d5141cddb6504af02a451072d8e53bade0c0f7fd69,false,unique relocation-aware instruction identity with TH06; unique relocation-aware instruction identity with TH08
0x00470C9A,21,0x0044F403,D3DX::out_of_memory,0x00496226,FUN_00496226,false,c7773842d1191bf68e3a7ceabc947d1d9af9346079b68175688865a602dc82e6,true,unique relocation-aware instruction identity with TH06; unique relocation-aware instruction identity with TH08
0x00470DAB,142,0x0044F514,D3DX::alloc_large,0x00496337,FUN_00496337,false,3d828e6a2d6a83b75efe64fb30867c0f2788e5ea435fef1986c9dfe97be6e308,false,unique relocation-aware instruction identity with TH06; unique relocation-aware instruction identity with TH08
0x00470E39,146,0x0044F5A2,D3DX::alloc_sarray,0x004963C5,FUN_004963c5,false,6d10087751233ba58bdc94483fafbe4089eace044013f04158d07124872cbc65,true,unique relocation-aware instruction identity with TH06; unique relocation-aware instruction identity with TH08
0x00470ECB,158,0x0044F634,D3DX::alloc_barray,0x00496457,FUN_00496457,false,44209a4980593370b28eb1ffecc2643c4acb59491d74ec809f5d0e29c20cd359,true,unique relocation-aware instruction identity with TH06; unique relocation-aware instruction identity with TH08
0x00470F69,97,0x0044F6D2,D3DX::request_virt_sarray,0x004964F5,FUN_004964f5,false,1bbd155cd0c2defd79a79bf4030d10778274329d18993456aa78352750a8a310,true,unique relocation-aware instruction identity with TH06; unique relocation-aware instruction identity with TH08
0x00470FCA,97,0x0044F733,D3DX::request_virt_barray,0x00496556,FUN_00496556,false,0bab444d284d44dfebd96dc51f3068915491b9dd1f0d4d360e8d958f0cc85e2a,true,unique relocation-aware instruction identity with TH06; unique relocation-aware instruction identity with TH08
0x0047102B,383,0x0044F794,D3DX::realize_virt_arrays,0x004965B7,FUN_004965b7,false,5d8bd2d6c71a45757445a1e44a594088caf310c18a5c20f3d97c560057d01513,false,unique relocation-aware instruction identity with TH06; unique relocation-aware instruction identity with TH08
0x004711AA,136,0x0044F913,D3DX::do_sarray_io,0x00496736,FUN_00496736,false,5f19c90d5d15649c28c25eeb86d8542963fbc265133bfc14440389e307fadae7,true,unique relocation-aware instruction identity with TH06; unique relocation-aware instruction identity with TH08
0x00471232,139,0x0044F99B,D3DX::do_barray_io,0x004967BE,FUN_004967be,false,4802830e12b821ee17239774723aa7ed351dfdcc352d7e9fbff776e0e4c89caf,true,unique relocation-aware instruction identity with TH06; unique relocation-aware instruction identity with TH08
0x004712BD,286,0x0044FA26,D3DX::access_virt_sarray,,,false,241ffb9f4306b8e702dae3e571f2e3a6a91a2a3bbb5c432e73bb6f1555bc3a59,true,unique relocation-aware instruction identity with TH06
0x004713DB,291,0x0044FB44,D3DX::access_virt_barray,0x00496967,FUN_00496967,false,71451222ec86679b79ea69962adb4f8b7a9e792ba15cbc656284a012d7db0ed5,false,unique relocation-aware instruction identity with TH06; unique relocation-aware instruction identity with TH08
0x004714FE,225,0x0044FC67,D3DX::free_pool,0x00496A8A,FUN_00496a8a,false,b4148a0192d0a2a571411d3684348596fd2e5a4e976a795a7fecd19046022aa6,false,unique relocation-aware instruction identity with TH06; unique relocation-aware instruction identity with TH08
0x004715DF,48,0x0044FD48,D3DX::self_destruct,0x00496B6B,FUN_00496b6b,false,c9c0275fe5aa3a70564e4118b57be9121e33f2fadd968def9a43e6ab28571e47,false,unique relocation-aware instruction identity with TH06; unique relocation-aware instruction identity with TH08
0x0047160F,180,0x0044FD78,D3DX::jinit_memory_mgr,0x00496B9B,FUN_00496b9b,false,a93471cb6f93a920bf5fd27d432c1a873957486a34245249aae718405ff66771,false,unique relocation-aware instruction identity with TH06; unique relocation-aware instruction identity with TH08
0x004716C3,34,0x0044FE2C,D3DX::jpeg_abort,0x00496C4F,FUN_00496c4f,false,bfaf153c5324e4176084747cf7a3b06c29fb9ee5ee41cb021cda257b3bb2132a,true,unique relocation-aware instruction identity with TH06; unique relocation-aware instruction identity with TH08
0x004716E5,27,0x0044FE4E,D3DX::jpeg_destroy,0x00496C71,FUN_00496c71,false,14fb38b76004625f4e8940a0406c97e9a9e4a0e10075db1ecc51c220edac7165,true,unique relocation-aware instruction identity with TH06; unique relocation-aware instruction identity with TH08
0x00471700,28,0x0044FE69,D3DX::jpeg_alloc_quant_table,0x00496C8C,FUN_00496c8c,false,b2da36efa2fd6c07ea39a085fa264dbe5d13f91e03a34ddd056dadcd5e09a8a1,true,unique relocation-aware instruction identity with TH06; unique relocation-aware instruction identity with TH08
0x0047171C,28,0x0044FE85,D3DX::jpeg_alloc_huff_table,0x00496CA8,FUN_00496ca8,false,c7d45247a81ff2cdb0cd51efa808d51a022690401849b6a825f3863d9416a67f,true,unique relocation-aware instruction identity with TH06; unique relocation-aware instruction identity with TH08
0x00471738,113,0x0044FEA1,D3DX::use_merged_upsample,0x00496CC4,FUN_00496cc4,false,0f8536ca9a3e03e78fd9b3b1fa5a25ac0bc04888fff2e2687063a63ddcb431c5,true,unique relocation-aware instruction identity with TH06; unique relocation-aware instruction identity with TH08
0x004717A9,495,0x0044FF12,D3DX::jpeg_calc_output_dimensions,0x00496D35,FUN_00496d35,false,85282e0619978ce50898e78a4fa1f585a92db8a925173c9e984611177381c4f4,false,unique relocation-aware instruction identity with TH06; unique relocation-aware instruction identity with TH08
0x00471998,111,0x00450101,D3DX::prepare_range_limit_table,0x00496F24,FUN_00496f24,false,74b936462775440b12cd65701fa23a40700a419e428e97285c8d83b6fd864776,true,unique relocation-aware instruction identity with TH06; unique relocation-aware instruction identity with TH08
0x00471A07,429,0x00450170,D3DX::master_selection,0x00496F93,FUN_00496f93,false,e9f95434d8eb162232e5e86863c7cffbb8a0a3d61faba95e723319a619bde687,false,unique relocation-aware instruction identity with TH06; unique relocation-aware instruction identity with TH08
0x00471BB4,301,0x0045031D,D3DX::prepare_for_output_pass,,,false,96610dbf277a508cdf2007c875f48e33eb2903144c4d05283f3f6b3c77f3e862,true,unique relocation-aware instruction identity with TH06
0x00471CE1,33,0x0045044A,D3DX::finish_output_pass,,,false,e19fc420ddc3e2b72dcb07c9530c70903adec86e1a23580b7369dca6edc5bd81,true,unique relocation-aware instruction identity with TH06
0x00471D02,48,0x0045046B,D3DX::jinit_master_decompress,0x0049728E,FUN_0049728e,false,ab6bc63f3a397eab0592654339c28aeac818d27ddf2f1929ddd6148418c8e09b,false,unique relocation-aware instruction identity with TH06; unique relocation-aware instruction identity with TH08
0x00471D32,63,0x0045049B,D3DX::inflateReset,0x004972BE,FUN_004972be,false,d6e15939bb5bfe8f2bab568675dfa1c669fc55c1628dee30c6d11b9331e7d4a6,false,unique relocation-aware instruction identity with TH06; unique relocation-aware instruction identity with TH08
0x00471D71,62,0x004504DA,D3DX::inflateEnd,0x004972FD,FUN_004972fd,false,031ad95941343e46058ce962d8ee2dc9dc2d13d3a4eaf56730c50cf7e1aeb13a,false,unique relocation-aware instruction identity with TH06; unique relocation-aware instruction identity with TH08
0x00471DAF,229,0x00450518,D3DX::inflateInit2_,0x0049733B,FUN_0049733b,false,4b596d010479b514f55d64d1fe0d7bdded9ee2b3234b3e751d1b9893cb287163,false,unique relocation-aware instruction identity with TH06; unique relocation-aware instruction identity with TH08
0x00471E94,23,0x004505FD,D3DX::inflateInit_,0x00497420,FUN_00497420,false,ff8e901b5bf211977a53e85089db523072425724e8216394ef29227d443f8e72,true,unique relocation-aware instruction identity with TH06; unique relocation-aware instruction identity with TH08
0x0047220C,66,0x00450975,D3DX::png_create_struct,0x0049779E,FUN_0049779e,false,7e4f5e10a1041c3f64ee886d80a9f0849fac37f63d0dc3f457e3fd06313dc277,false,unique relocation-aware instruction identity with TH06; unique relocation-aware instruction identity with TH08
0x0047224E,13,0x004509B7,D3DX::png_destroy_struct,0x004977E0,FUN_004977e0,false,40e00930d698f751152c4ecf1c8b047e70322a8a31fff4b571f9402b57e6ce70,false,unique relocation-aware instruction identity with TH06; unique relocation-aware instruction identity with TH08
0x0047225B,54,0x004509C4,D3DX::png_malloc,0x004977ED,FUN_004977ed,false,62a55e94e201b5fc01586d7e54a4c5ab391a5019db792a1b82bfc3219d6a8f33,false,unique relocation-aware instruction identity with TH06; unique relocation-aware instruction identity with TH08
0x00472291,25,0x004509FA,D3DX::png_free,0x00497823,FUN_00497823,false,5373419652eac40b125a757c43edbf805313084b77d0ab775a7a2967a52e0138,false,unique relocation-aware instruction identity with TH06; unique relocation-aware instruction identity with TH08
0x004722AA,35,0x00450A13,D3DX::png_memcpy_check,0x0049783C,FUN_0049783c,false,236014dd1a7196dce71669cc2ff429d55f0bb4b49568188e649889173636b220,true,unique relocation-aware instruction identity with TH06; unique relocation-aware instruction identity with TH08
0x004722CD,51,0x00450A36,D3DX::png_memset_check,,,false,c92e3ab52d8af5cf918c2fe735707711ffc4e895091ee21251b9942b52390d4a,true,unique relocation-aware instruction identity with TH06
0x00472300,35,0x00450A69,D3DX::png_get_uint_32,0x00497890,FUN_00497890,false,596a451edb314403b34e5c55b8d86757385bd10c293548e2c3a0c58d75ca024c,true,unique relocation-aware instruction identity with TH06; unique relocation-aware instruction identity with TH08
0x00472323,19,0x00450A8C,D3DX::png_get_uint_16,,,false,32ba64da597848a260ced9671bb28da2dac937eef7d4653381e0709121812a83,true,unique relocation-aware instruction identity with TH06
0x00472336,36,0x00450A9F,D3DX::png_crc_read,,,false,e8e837c725fabe9277525c1249ae4470c0a7c6211fbd507a10e5ea33c812d157,true,unique relocation-aware instruction identity with TH06
0x0047235A,94,0x00450AC3,D3DX::png_crc_error,0x004978CD,FUN_004978cd,false,914d485ec310e59a4dc055ce25522172c4814ad278d3faf94ce55326ab6f5f32,false,unique relocation-aware instruction identity with TH06; unique relocation-aware instruction identity with TH08
0x004723B8,98,0x00450B21,D3DX::png_check_chunk_name,0x0049792B,FUN_0049792b,false,4cc1c6265148b76ad027bb6b477908ecb78a5de77123e47156f91b28edc77f51,false,unique relocation-aware instruction identity with TH06; unique relocation-aware instruction identity with TH08
0x0047241A,532,0x00450B83,D3DX::png_combine_row,,,false,ce64c3e9898ca40345b032ab8a97ec9754ebbce589c0922d92e528ae2c288d52,true,unique relocation-aware instruction identity with TH06
0x004728F7,377,0x00451060,D3DX::png_read_filter_row,,,false,8a45f5be5cb7bd7c1def277464c554ce0043074e9f2ac1047d9cc20098114108,false,unique relocation-aware instruction identity with TH06
0x00472C0C,140,0x00451375,D3DX::png_crc_finish,0x00498183,FUN_00498183,false,47affc456cca046d1635ecc648255edbd9ac91f6f8648725d5cb73c8493c7b62,false,unique relocation-aware instruction identity with TH06; unique relocation-aware instruction identity with TH08
0x00472C98,503,0x00451401,D3DX::png_handle_IHDR,,,false,a798b9234103ba4a9a5836cd1d6df73c9e9ab6dc152fa71a5d0715bb4c9a1713,false,unique relocation-aware instruction identity with TH06
0x00472E8F,297,0x004515F8,D3DX::png_handle_PLTE,,,false,db7a8dccaa6e2ba9a81bac08d329f18d178f329f3c16c6b142428ff45c26964d,false,unique relocation-aware instruction identity with TH06
0x00472FB8,74,0x00451721,D3DX::png_handle_IEND,0x0049852F,FUN_0049852f,false,b1b9ba2e932155785962599627d2c652660b10d4db6e1c339258fe239c63ceff,false,unique relocation-aware instruction identity with TH06; unique relocation-aware instruction identity with TH08
0x00473002,256,0x0045176B,D3DX::png_handle_gAMA,,,false,96fb78e3279189b852a1b78b2ca9c973ccb5c6b0c4a4db0ed273f52b07197087,false,unique relocation-aware instruction identity with TH06
0x00473102,239,0x0045186B,D3DX::png_handle_sRGB,,,false,5a381675ef1f92f50c2820ebe10b986df672f9a5e0305e16d5bac07150d776f3,false,unique relocation-aware instruction identity with TH06
0x004731F1,409,0x0045195A,D3DX::png_handle_tRNS,,,false,ce9b6b189b541ad20d1ba8affcc92d1bf31e332e555c907a347ecf961e601701,false,unique relocation-aware instruction identity with TH06
0x0047338A,74,0x00451AF3,D3DX::png_handle_unknown,0x0049892A,FUN_0049892a,false,77aef226fa6744f0614806078df6dfbb38a56637c463122931762c09aef52168,false,unique relocation-aware instruction identity with TH06; unique relocation-aware instruction identity with TH08
0x0047370D,5,0x00451E81,D3DX::jpeg_mem_available,0x0049A5C3,FUN_0049a5c3,false,d15bca9c536fd05e7e53ffae6cfbce3a5ea3431b674c1c7923ac27db72a7b6d2,true,unique relocation-aware instruction identity with TH06; unique relocation-aware instruction identity with TH08
0x00473712,20,0x00451E86,D3DX::jpeg_open_backing_store,0x0049A5C8,FUN_0049a5c8,false,9c89ec923ec749193e345d8ac60479d44f8be7e62075d3a87e5e98475b2ab490,true,unique relocation-aware instruction identity with TH06; unique relocation-aware instruction identity with TH08
0x00473726,168,0x00451E9A,D3DX::alloc_funny_pointers,0x0049A5DC,FUN_0049a5dc,false,21ef3b92a76a7a97ce93fc3c49e4a2699c26752ff5cd226e67065edeeccb00e1,true,unique relocation-aware instruction identity with TH06; unique relocation-aware instruction identity with TH08
0x004737CE,305,0x00451F42,D3DX::make_funny_pointers,0x0049A684,FUN_0049a684,false,f668c35a7ef55fcccd1bd8c97c33aa2b1d0b87cd375edecd7a2da9510411d804,true,unique relocation-aware instruction identity with TH06; unique relocation-aware instruction identity with TH08
0x004738FF,212,0x00452073,D3DX::set_wraparound_pointers,0x0049A7B5,FUN_0049a7b5,false,f807edc789dd6264d0d8489991e05ad669f30e8a50161516c2380839781d2e5f,true,unique relocation-aware instruction identity with TH06; unique relocation-aware instruction identity with TH08
0x004739D3,150,0x00452147,D3DX::set_bottom_pointers,0x0049A889,FUN_0049a889,false,b7e2a15b081b080a0846f485326e8d36fefea40b3805e1df9983db1c6c9cddb7,true,unique relocation-aware instruction identity with TH06; unique relocation-aware instruction identity with TH08
0x00473A69,104,0x004521DD,D3DX::process_data_simple_main,,,false,f378f911abfab56da8b1b9e51fbb0986531b2d05e393aec2a420349e6a0fd62e,true,unique relocation-aware instruction identity with TH06
0x00473AD1,264,0x00452245,D3DX::process_data_context_main,,,false,25c433fd80e1beef4765ee9ff423e88acc236cd0289ec0481d1d854e648d5c3e,true,unique relocation-aware instruction identity with TH06
0x00473BD9,35,0x0045234D,D3DX::process_data_crank_post,,,false,ec0b30f09e1e2ad1eb8b690e6e906dbd908293e09fddbf065f81233b2f04f106,true,unique relocation-aware instruction identity with TH06
0x00473BFC,104,0x00452370,D3DX::start_pass_main,,,false,1e258d4e014e880cdfcc88099398e29b13f43bf446e7488ebc4ec75e89eb1d62,false,unique relocation-aware instruction identity with TH06
0x00473C64,211,0x004523D8,D3DX::jinit_d_main_controller,0x0049AB1A,FUN_0049ab1a,false,4105458534c514e89c4d72020b7b343c62b936500129e9d68bb01cd23a1237d4,false,unique relocation-aware instruction identity with TH06; unique relocation-aware instruction identity with TH08
0x00473D37,63,0x004524AB,D3DX::start_iMCU_row,0x0049ABED,FUN_0049abed,false,09cc8c523316a40f8e366c6b52f34e94db465000a452e395b6edfbde58f9f61f,true,unique relocation-aware instruction identity with TH06; unique relocation-aware instruction identity with TH08
0x00473D76,16,0x004524EA,D3DX::start_input_pass,,,false,94540253f70dd2bcfcb97343d26e0196dab3601f1161bb0918e6c9d3c1f5bfe8,true,unique relocation-aware instruction identity with TH06
0x00473D86,474,0x004524FA,D3DX::decompress_onepass,0x0049AC3C,FUN_0049ac3c,false,063cb46a00d807c1e15828ea60502fab7b5849944cadc43d564f0b3ec7722225,false,unique relocation-aware instruction identity with TH06; unique relocation-aware instruction identity with TH08
0x00473F60,415,0x004526D4,D3DX::consume_data,0x0049AE19,FUN_0049ae19,false,61167d991bd8a53978e182955231e5b16d6a346f4255d5e5c4e3086bd96165ce,false,unique relocation-aware instruction identity with TH06; unique relocation-aware instruction identity with TH08
0x004740FF,358,0x00452873,D3DX::decompress_data,0x0049AFB8,FUN_0049afb8,false,5aa5bde80740b60f77b02cca1e382d3cbc7e0389fdb96ca5082a82575776bff6,true,unique relocation-aware instruction identity with TH06; unique relocation-aware instruction identity with TH08
0x00474265,227,0x004529D9,D3DX::smoothing_ok,0x0049B11E,FUN_0049b11e,false,335ad224234e42d9fa3fee130d368985b8489c10dcf9870effdb45f04c158485,true,unique relocation-aware instruction identity with TH06; unique relocation-aware instruction identity with TH08
0x00474348,1304,0x00452ABC,D3DX::decompress_smooth_data,,,false,21dfc4f8e704717cd8928b81ab2908c0f18bc20bf4945d80272c9b6cf86ca002,false,unique relocation-aware instruction identity with TH06
0x00474860,59,0x00452FD4,D3DX::start_output_pass,0x0049B71E,FUN_0049b71e,false,70a5437aa81cbaf9c2b18031c8d4b3a6cfb3fb439aa18110026d6839a7257a14,false,unique relocation-aware instruction identity with TH06; unique relocation-aware instruction identity with TH08
0x0047489B,248,0x0045300F,D3DX::jinit_d_coef_controller,0x0049B759,FUN_0049b759,false,f5d01b521d89ba7afeb74e0250c030bc026cc7e436a573c41cd3057df0a8f7b7,false,unique relocation-aware instruction identity with TH06; unique relocation-aware instruction identity with TH08
0x00474993,419,0x00453107,D3DX::jpeg_make_d_derived_tbl,,,false,d7363245081c544ebd0c7ebb2c4223d9febac8654a056f7d855a6ae7a165c6ce,true,unique relocation-aware instruction identity with TH06
0x00474B36,234,0x004532AA,D3DX::jpeg_fill_bit_buffer,0x0049B9FB,FUN_0049b9fb,false,a57534de3a67be4a40b69a5130b18768c76f28e1919774c3041e64b513547792,true,unique relocation-aware instruction identity with TH06; unique relocation-aware instruction identity with TH08
0x00474C20,230,0x00453394,D3DX::jpeg_huff_decode,,,false,f8ae175d1907e3de14d9c2a37d93a3ba629c6e4b73e7e924c7e7a31ddf60f6d9,true,unique relocation-aware instruction identity with TH06
0x00474D06,94,0x0045347A,D3DX::process_restart,0x0049BBCF,FUN_0049bbcf,false,d1997249a47f8ff933a09c9171f05565807af0d663dac760e2cdae71835ac8fd,true,unique relocation-aware instruction identity with TH06; unique relocation-aware instruction identity with TH08
0x00475131,303,0x004538A5,D3DX::start_pass_huff_decoder,0x0049BFFA,FUN_0049bffa,false,b6cd2b1ab1d84da9ec71a4eee84b3f78822c1b899fee0577f431b353301a59d2,false,unique relocation-aware instruction identity with TH06; unique relocation-aware instruction identity with TH08
0x00475260,58,0x004539D4,D3DX::jinit_huff_decoder,0x0049C129,FUN_0049c129,false,31b04724869f465b7ac4794d7d78012a9d40d1da8eb5ec2e27186bf08ea0fa86,false,unique relocation-aware instruction identity with TH06; unique relocation-aware instruction identity with TH08
0x0047529A,91,0x00453A0E,process_restart,0x0049C163,FUN_0049c163,false,a4aa786bda72d55b370b296d574022375b7fd7c5d48dd364ba6f7d0c41a15a13,true,unique relocation-aware instruction identity with TH06; unique relocation-aware instruction identity with TH08
0x0047571F,226,0x00453E93,D3DX::decode_mcu_DC_refine,0x0049C5E4,FUN_0049c5e4,false,d8a0340959382a51da589253b0a7472da7ebff6d048c013d411db99cc5256196,false,unique relocation-aware instruction identity with TH06; unique relocation-aware instruction identity with TH08
0x00475B6F,675,0x004542E3,D3DX::start_pass_phuff_decoder,0x0049CA34,FUN_0049ca34,false,36dce9ce63763eeea501b0d7f4afac5b6ce0ee6066f2bf961b737d79dc6989c2,false,unique relocation-aware instruction identity with TH06; unique relocation-aware instruction identity with TH08
0x00475E12,97,0x00454586,D3DX::jinit_phuff_decoder,0x0049CCD7,FUN_0049ccd7,false,7a49adde9ef8761d194d290d08ccaf060118fa0571133b234c97cb78ae106b4f,false,unique relocation-aware instruction identity with TH06; unique relocation-aware instruction identity with TH08
0x00475E73,439,0x004545E7,D3DX::start_pass,0x0049CD38,FUN_0049cd38,false,ea7b0decf7f8271963de52dca0667dc5912933cbae55d1d1cd473047930cb46b,false,unique relocation-aware instruction identity with TH06; unique relocation-aware instruction identity with TH08
0x0047602A,116,0x0045479E,D3DX::jinit_inverse_dct,0x0049CEEF,FUN_0049ceef,false,16aa786c9c4ef087ccc8f58fb96ddcd413272f60f9134af697dfa0c375370cd2,false,unique relocation-aware instruction identity with TH06; unique relocation-aware instruction identity with TH08
0x0047609E,101,0x00454812,D3DX::post_process_1pass,0x0049CF63,FUN_0049cf63,false,b77f79b72b9a8b07470fc208b40990bacfe92ae4b1faf640ecc08bb4da377077,true,unique relocation-aware instruction identity with TH06; unique relocation-aware instruction identity with TH08
0x00476103,144,0x00454877,D3DX::post_process_prepass,0x0049CFC8,FUN_0049cfc8,false,ec9e07bbdd7e6a752816233bfe678da945115082e25fdf1f65b3317c5bc288a8,true,unique relocation-aware instruction identity with TH06; unique relocation-aware instruction identity with TH08
0x00476193,140,0x00454907,D3DX::post_process_2pass,0x0049D058,FUN_0049d058,false,7b75de6678506696f956cd91de64da90c60f05f121042b547835145c9ada09cb,true,unique relocation-aware instruction identity with TH06; unique relocation-aware instruction identity with TH08
0x0047621F,166,0x00454993,D3DX::start_pass_dpost,,,false,c06419c00aad679dada96bea1b90eb4dcb25c84487b9ed18c346fb9ab120bd70,false,unique relocation-aware instruction identity with TH06
0x004762C5,131,0x00454A39,D3DX::jinit_d_post_controller,0x0049D18A,FUN_0049d18a,false,3d4ab3ea5671a44bb0bd11020c23cd2473f26b13d310c6a9c8db7593a06b4a21,false,unique relocation-aware instruction identity with TH06; unique relocation-aware instruction identity with TH08
0x00476348,26,0x00454ABC,D3DX::start_pass_upsample,,,false,183bc3ac00be291b784a8df7982cac6d0fc27630cffc27ad991e4f7cb26d82ca,true,unique relocation-aware instruction identity with TH06
0x00476362,198,0x00454AD6,D3DX::sep_upsample,0x0049D227,FUN_0049d227,false,869232f340e1fd3a222562e5176fa6f256b7a6b12d37cf8c22db6a8b8e347c60,true,unique relocation-aware instruction identity with TH06; unique relocation-aware instruction identity with TH08
0x00476428,11,0x00454B9C,D3DX::fullsize_upsample,,,false,ec42cbd00692bc465df16ff77389341501b2364019032dd81d922831a8fdf7f8,true,unique relocation-aware instruction identity with TH06
0x00476433,8,0x00454BA7,D3DX::noop_upsample,,,false,16d39e83f33d36558f296090f4e0c76a12c24c208997591bcb39da2a00e058d0,true,unique relocation-aware instruction identity with TH06
0x0047643B,223,0x00454BAF,D3DX::int_upsample,,,false,e4d904230842bc93705cd646eaa69ec592e946a65608e91daa934438ab9bb118,false,unique relocation-aware instruction identity with TH06
0x0047651A,87,0x00454C8E,D3DX::h2v1_upsample,0x0049D3DD,FUN_0049d3dd,false,a6755afc41421f7becc42b59ac10bee16f2139e9c45fcf0b68962426fbb9fd12,true,unique relocation-aware instruction identity with TH06; unique relocation-aware instruction identity with TH08
0x00476571,106,0x00454CE5,D3DX::h2v2_upsample,0x0049D434,FUN_0049d434,false,5fb2b224c85e2a03eac8584f904111185820d67169f8a4c2a85b0a6d4465cd28,false,unique relocation-aware instruction identity with TH06; unique relocation-aware instruction identity with TH08
0x004765DB,163,0x00454D4F,D3DX::h2v1_fancy_upsample,,,false,1b7fd6bce423c8eddeba91797160aaae7f39c115a2a1b170e319f22f7608de6b,true,unique relocation-aware instruction identity with TH06
0x0047667E,263,0x00454DF2,D3DX::h2v2_fancy_upsample,,,false,0c82c3be8e104dcdd6aacf6b7fd8d8d0163b92f1b5e53f543e52046a803be46c,true,unique relocation-aware instruction identity with TH06
0x00476785,449,0x00454EF9,D3DX::jinit_upsampler,0x0049D649,FUN_0049d649,false,bd3ff6eb19cac04e7f9570205cf1bcaa6d29879fe20f83052c4d2952541ca75e,false,unique relocation-aware instruction identity with TH06; unique relocation-aware instruction identity with TH08
0x00476946,176,0x004550BA,D3DX::build_ycc_rgb_table,0x0049D80A,FUN_0049d80a,false,1a29873049d0f19cb017d3b1f57524906d141d8522265467bf1b86ebff942d7b,true,unique relocation-aware instruction identity with TH06; unique relocation-aware instruction identity with TH08
0x004769F6,106,0x0045516A,D3DX::null_convert,,,false,8a78c5eaa19c8de8265ec36f05f4e6f937d3e6959c5fc0fde9899a8655b1d506,true,unique relocation-aware instruction identity with TH06
0x00476A60,35,0x004551D4,D3DX::grayscale_convert,0x0049D925,FUN_0049d925,false,f867893225c276a94a5a7bee979fb9e61a53ac7b729121e2ce297ea43c9444a7,false,unique relocation-aware instruction identity with TH06; unique relocation-aware instruction identity with TH08
0x00476A83,306,0x004551F7,D3DX::ycck_cmyk_convert,,,false,84f91d4785ff24cdd457d8e1d0d553fd7ab5de08c4586f522a65116dc7ec21ac,true,unique relocation-aware instruction identity with TH06
0x00476BB5,317,0x00455329,D3DX::MYCbCr2RGB,,,false,a54ce26e7469bd21681d6db547d4b4c9d9794819f20f1cb9c5bd05411f514759,false,unique relocation-aware instruction identity with TH06
0x00476CF2,542,0x00455466,D3DX::ycc_rgb_convert,,,false,bc97359897e9b40b9218fdd53ee04c851c70381c7091dbf48c5729fee93bafd2,false,unique relocation-aware instruction identity with TH06
0x00476F10,289,0x00455684,D3DX::jinit_color_deconverter,0x0049DDD4,FUN_0049ddd4,false,300c39acc90d70019c7d47081aa90971f1f0939ba21ab9a053630a7e671a754d,false,unique relocation-aware instruction identity with TH06; unique relocation-aware instruction identity with TH08
0x00477031,176,0x004557A5,D3DX::build_ycc_rgb_table,,,false,589d8073632f279e759e15ea1bb7848b887090e28c830fcdfc032979d42c24af,true,unique relocation-aware instruction identity with TH06
0x004770E1,21,0x00455855,D3DX::start_pass_merged_upsample,,,false,253c0a9807973a1b19e6055efbb99d82159e84781c3cc2061210692939a6976c,true,unique relocation-aware instruction identity with TH06
0x004770F6,166,0x0045586A,D3DX::merged_2v_upsample,0x0049DFBA,FUN_0049dfba,false,897c843dec373f33671b3c632c0cfaaff7aca3c953451ff0119223335089b7f7,false,unique relocation-aware instruction identity with TH06; unique relocation-aware instruction identity with TH08
0x0047719C,49,0x00455910,D3DX::merged_1v_upsample,0x0049E060,FUN_0049e060,false,afe5ac7ec23c156c5e1951ead5d23d7d11d062d72211d6c78a8c64504e8ba4ee,true,unique relocation-aware instruction identity with TH06; unique relocation-aware instruction identity with TH08
0x004771CD,342,0x00455941,D3DX::h2v1_merged_upsample,0x0049E091,FUN_0049e091,false,578652864e0e71d012dd2b48e332ac54e76ee2fbcd41e609e5d1feb7284beb14,true,unique relocation-aware instruction identity with TH06; unique relocation-aware instruction identity with TH08
0x00477323,486,0x00455A97,D3DX::h2v2_merged_upsample,0x0049E1E7,FUN_0049e1e7,false,dc3757223f73f364d009a6f2735782ae28a2d847e2f75277407bbba5205c6092,true,unique relocation-aware instruction identity with TH06; unique relocation-aware instruction identity with TH08
0x00477509,117,0x00455C7D,D3DX::jinit_merged_upsampler,,,false,c646cb7ef24f8e17d273238995853ce20bfda4a0358cf9a7056252947b2a4c74,false,unique relocation-aware instruction identity with TH06
0x0047757E,108,0x00455CF2,D3DX::prescan_quantize,0x0049E442,FUN_0049e442,false,353ba75c165bc24c756dd0c409f61210c85d20b835b6434edbd4f69c7faeb8be,true,unique relocation-aware instruction identity with TH06; unique relocation-aware instruction identity with TH08
0x004775EA,41,0x00455D5E,D3DX::find_biggest_color_pop,,,false,d8a51758a581874be115f114bf16fbf8376c5dcc50aa9344e9f965b13a495025,true,unique relocation-aware instruction identity with TH06
0x00477613,35,0x00455D87,D3DX::find_biggest_volume,,,false,3b10c668ad4eca872ef82d684270e1c306eb938b36201d7b9ff2332a4b79fdfe,true,unique relocation-aware instruction identity with TH06
0x00477636,824,0x00455DAA,D3DX::update_box,0x0049E4AE,FUN_0049e4ae,false,9a8fa0b3644c3421a9c92d240dadcd89e4c94008d5e54ccdc6df3e3c08445f29,true,unique relocation-aware instruction identity with TH06; unique relocation-aware instruction identity with TH08
0x0047796E,282,0x004560E2,D3DX::median_cut,,,false,632f03dfa69a8c405f42e06b1ce85baf74b3d52f67a409ab404c5e8d0040897d,true,unique relocation-aware instruction identity with TH06
0x00477A88,312,0x004561FC,D3DX::compute_color,0x0049E939,FUN_0049e939,false,dbbf183e44168d25857ef24b7b3e89ec4e3fff28d6b01e6f6274ad701bb34fcb,true,unique relocation-aware instruction identity with TH06; unique relocation-aware instruction identity with TH08
0x00477BC0,141,0x00456334,D3DX::select_colors,0x0049EA71,FUN_0049ea71,false,0ef92c391c7729fa100a14ed4ab33c8268698a72ed76520a02a5e4568640d619,false,unique relocation-aware instruction identity with TH06; unique relocation-aware instruction identity with TH08
0x00477C4D,384,0x004563C1,D3DX::find_nearby_colors,0x0049EAFE,FUN_0049eafe,false,7e7f70dbbc2835e5b5da1eeb9d37c4e40cdab3d773f534ef5a9d7882b5833bc2,true,unique relocation-aware instruction identity with TH06; unique relocation-aware instruction identity with TH08
0x00477DCD,282,0x00456541,D3DX::find_best_colors,0x0049EC7E,FUN_0049ec7e,false,bc5cbd6b355e9da71e8487870172d20bde01cb53a5e6e0ef58392ded85b26a3d,true,unique relocation-aware instruction identity with TH06; unique relocation-aware instruction identity with TH08
0x00477EE7,208,0x0045665B,D3DX::fill_inverse_cmap,0x0049ED98,FUN_0049ed98,false,608676f369b5edff28081649a722c01113d47358283d9a33e0851f260f3d292b,true,unique relocation-aware instruction identity with TH06; unique relocation-aware instruction identity with TH08
0x00477FB7,169,0x0045672B,D3DX::pass2_no_dither,,,false,77dd28316473c0e2094b5e08099386f5a0629cc1331d25abf51a6bc3333dd25f,true,unique relocation-aware instruction identity with TH06
0x00478060,622,0x004567D4,D3DX::pass2_fs_dither,,,false,050d8c873881d347adf2fbadd821fe223640c0efd64b9c51218c9b1e9a7ba8d3,true,unique relocation-aware instruction identity with TH06
0x004782CE,144,0x00456A42,D3DX::init_error_limit,0x0049F17F,FUN_0049f17f,false,06dc9022127bbdae18e3a1b4847cc3ee95c638883b582b3fde4fa508bdd5779e,true,unique relocation-aware instruction identity with TH06; unique relocation-aware instruction identity with TH08
0x0047835E,34,0x00456AD2,FUN_00456ad2,,,false,455d584eface5143621a5b0eab10726b05d0c8742b9d1078b44bc7fae1490030,true,unique relocation-aware instruction identity with TH06
0x00478380,258,0x00456AF4,D3DX::start_pass_2_quant,,,false,48b4e92479bf9747ba4220cdfe9070c38e90308216b73fefb497309642af5bfa,false,unique relocation-aware instruction identity with TH06
0x00478482,15,0x00456BF6,D3DX::new_color_map_2_quant,,,false,9309acf77b20227fc992ee53171c7639294ed5599ac83865fb7ff3b41b12090a,true,unique relocation-aware instruction identity with TH06
0x00478491,275,0x00456C05,D3DX::jinit_2pass_quantizer,0x0049F342,FUN_0049f342,false,244c733fcd4840a4b6ba10974ebef2c3eb2302ef6a4a17dc11cc42e5bb1867db,false,unique relocation-aware instruction identity with TH06; unique relocation-aware instruction identity with TH08
0x0047866F,25,0x00456DE3,D3DX::output_value,,,false,f40a9419648ae01799beffcd0a29749703aaacbed3d4b8d1618eda20990bbde4,true,unique relocation-aware instruction identity with TH06
0x00478688,19,0x00456DFC,D3DX::largest_input_value,,,false,a81d84af3789b46b1c9f3348eb64376eff5c7d403fdb245d4d3497161efbb0d9,true,unique relocation-aware instruction identity with TH06
0x0047869B,285,0x00456E0F,D3DX::create_colormap,,,false,32cd94930a8c5bd619732c8e45a987be89a3448f4535a6296723d3baa6698858,true,unique relocation-aware instruction identity with TH06
0x004787B8,289,0x00456F2C,D3DX::create_colorindex,,,false,ecfb5fafc786c5c5315c16e938b17b827f68b20ab813864634e293a1d4042b75,true,unique relocation-aware instruction identity with TH06
0x004788D9,98,0x0045704D,D3DX::make_odither_array,,,false,72514d90eb19e10fa18c242e6e63d49db8e3d13a70e3301a8a95bd09c5a1322c,false,unique relocation-aware instruction identity with TH06
0x0047893B,89,0x004570AF,D3DX::create_odither_tables,,,false,ed1fac4625db497555f0bc798e67f636dfcde44c7fc68f8fb80018457ba93d67,true,unique relocation-aware instruction identity with TH06
0x00478994,136,0x00457108,D3DX::color_quantize,,,false,70cd611085090534d6f4c41943466bcd4b5e74722362194db3112708c787c105,true,unique relocation-aware instruction identity with TH06
0x00478A1C,141,0x00457190,D3DX::color_quantize3,,,false,013c0d130c6c6f7a83451b39ffd2dade21e41925f44c27870ed097d3457173d3,true,unique relocation-aware instruction identity with TH06
0x00478AA9,235,0x0045721D,D3DX::quantize_ord_dither,,,false,6c4da83e47248c34d6e3ddcc0fc2499bfd3a2bba63097b39c5f3ca4c5ed0bbf6,false,unique relocation-aware instruction identity with TH06
0x00478B94,255,0x00457308,D3DX::quantize3_ord_dither,,,false,c5a2260b416fd187d5bbed86ee68f20d6a85db9f29ec03ceee4d66508b1402ff,true,unique relocation-aware instruction identity with TH06
0x00478C93,388,0x00457407,D3DX::quantize_fs_dither,,,false,6eb5818cacae0be5d07f512a065b226b27eb16179a24c7b9253bb0b4ab767ea1,false,unique relocation-aware instruction identity with TH06
0x00478E17,54,0x0045758B,D3DX::alloc_fs_workspace,0x0049FCC0,FUN_0049fcc0,false,113887e59c350db397b51ca8d2385bd9a722d2a6f35522d69d48032f76ad4a19,true,unique relocation-aware instruction identity with TH06; unique relocation-aware instruction identity with TH08
0x00478E4D,200,0x004575C1,D3DX::start_pass_1_quant,,,false,5fe10f9751e61b4e8ac2e2f167f10cd9d3a2c78e5bbddc5af8bdac7049623cf4,false,unique relocation-aware instruction identity with TH06
0x00478F15,20,0x00457689,D3DX::new_color_map_1_quant,,,false,596397c7f0a671e8e8c6048f971b5929b15d6ec2a6663c6a46463f1d30d4eb7c,true,unique relocation-aware instruction identity with TH06
0x00478F29,137,0x0045769D,D3DX::jinit_1pass_quantizer,,,false,2d8794685ec67456c459d8e860acb5775e51ed207ee365bb647e6479cadbf462,false,unique relocation-aware instruction identity with TH06
0x00478FB2,107,0x00457726,D3DX::inflate_blocks_reset,0x0049FE5B,FUN_0049fe5b,false,272f9f04d363a84330b2729f11a4308c54d4c4498f51e5f87b01472c00bffc7e,false,unique relocation-aware instruction identity with TH06; unique relocation-aware instruction identity with TH08
0x0047901D,139,0x00457791,D3DX::inflate_blocks_new,,,false,8e75fe391eac350dd02275783281abd547415322eee424cbf6fe87af76dcb10d,true,unique relocation-aware instruction identity with TH06
0x004799C1,52,0x00458135,D3DX::inflate_blocks_free,0x004A06EE,FUN_004a06ee,false,7b5be8eb12e9f308be5978d3b21f9c2a727545f1e2aeb7234c3a19c7e08dba7c,false,unique relocation-aware instruction identity with TH06; unique relocation-aware instruction identity with TH08
0x004799F5,281,0x00458169,D3DX::adler32,0x004A0722,FUN_004a0722,false,b784d44bb3b89f99c407304ab3d710f8f574b0c8583703048f5d315dfb41ae2b,true,unique relocation-aware instruction identity with TH06; unique relocation-aware instruction identity with TH08
0x00479B0E,16,0x00458282,D3DX::zcalloc,0x004A083B,FUN_004a083b,false,b439acaaf1326d9025b9fe512ace1012df457248a0b3d232eac6c2eb90f9e95a,false,unique relocation-aware instruction identity with TH06; unique relocation-aware instruction identity with TH08
0x00479B29,789,0x00458292,D3DX::jpeg_idct_4x4,0x004A0856,FUN_004a0856,false,ed56393be8526b8986cbb0e047cb142bd8666fa663a43b2d6f26d18780c698c4,true,unique relocation-aware instruction identity with TH06; unique relocation-aware instruction identity with TH08
0x00479E3E,446,0x004585A7,D3DX::jpeg_idct_2x2,0x004A0B6B,FUN_004a0b6b,false,3518c97a6bfa6cba9f0de12327d76782fe252e345fc1641b44d524382492b04c,true,unique relocation-aware instruction identity with TH06; unique relocation-aware instruction identity with TH08
0x00479FFC,61,0x00458765,D3DX::jpeg_idct_1x1,0x004A0D29,FUN_004a0d29,false,b80d58447ef5f967e168f45060aaed37fa806925598155bf340cf6e96251e365,true,unique relocation-aware instruction identity with TH06; unique relocation-aware instruction identity with TH08
0x0047A039,76,0x004587A2,D3DX::jpeg_idct_islow,0x004A0D66,FUN_004a0d66,false,9f2e0ce1264a2b8e91fa11d3a92741a146b4139de74271dc137855888a48feb4,false,unique relocation-aware instruction identity with TH06; unique relocation-aware instruction identity with TH08
0x0047A085,76,0x004587EE,D3DX::jpeg_idct_ifast,0x004A0DB2,FUN_004a0db2,false,0e1c3938718fb9bc2af0dc1ae6a481d867c249ed90339d87630b54f1890a93d0,false,unique relocation-aware instruction identity with TH06; unique relocation-aware instruction identity with TH08
0x0047A0D1,993,0x0045883A,D3DX::jpeg_idct_float,0x004A0DFE,FUN_004a0dfe,false,a0f731a7fdb486986a01d56dec2937e649ec418dc84a014183fc665224238886,false,unique relocation-aware instruction identity with TH06; unique relocation-aware instruction identity with TH08
0x0047A4B2,52,0x00458C1B,D3DX::inflate_codes_new,0x004A11DF,FUN_004a11df,false,21b2c9741029830330b4144cfb40f30d37e90951a9884448d7315c82a2fa407e,true,unique relocation-aware instruction identity with TH06; unique relocation-aware instruction identity with TH08
0x0047AA3C,17,0x004591A5,D3DX::inflate_codes_free,0x004A1777,FUN_004a1777,false,d5cd2fb0d0e577806410dace49ba562d0738561cfeadb545e36352501f7d2178,true,unique relocation-aware instruction identity with TH06; unique relocation-aware instruction identity with TH08
0x0047AA4D,901,0x004591B6,D3DX::huft_build,0x004A1788,FUN_004a1788,false,830e0ac1d40d5af5a7b5b27da5fa0db5f44565904440bf18177957aacdcaec49,true,unique relocation-aware instruction identity with TH06; unique relocation-aware instruction identity with TH08
0x0047ADD2,127,0x0045953B,D3DX::inflate_trees_bits,0x004A1B0D,FUN_004a1b0d,false,1a7b9dd515e60b35e57185b206157c4a23f1637dcc95a11de19cb8bd466f5f56,false,unique relocation-aware instruction identity with TH06; unique relocation-aware instruction identity with TH08
0x0047AE51,259,0x004595BA,D3DX::inflate_trees_dynamic,0x004A1B8C,FUN_004a1b8c,false,a250c8e3b657b46847d4bfbd946c42b550d3dd4ccc1fca03367ea69ec7c36073,false,unique relocation-aware instruction identity with TH06; unique relocation-aware instruction identity with TH08
0x0047AF54,47,0x004596BD,D3DX::inflate_trees_fixed,,,false,3a4a93950d441372b1ad1ddc22dd859404bf237231f260f479570e083ce40862,false,unique relocation-aware instruction identity with TH06
0x0047AF83,277,0x004596EC,D3DX::inflate_flush,0x004A1CBE,FUN_004a1cbe,false,ea4713e5306e435982a79c9951e7d7500240cf6f511fe6c1892c42c7432706cb,true,unique relocation-aware instruction identity with TH06; unique relocation-aware instruction identity with TH08
0x0047B098,1261,0x00459801,D3DX::pidct8x8llm,,,false,b8d5ba6ccf47499222c7122eb88d4aeded541661d88ba380cf9783d39b15851d,false,unique relocation-aware instruction identity with TH06
0x0047B585,1931,0x00459CEE,D3DX::midct8x8llm,,,false,f550569571f4119633ccf5462a23853a76bfcf2399e38d506c214f3be98a3a8a,false,unique relocation-aware instruction identity with TH06
0x0047BD10,937,0x0045A479,D3DX::pidct8x8aan,,,false,0dfa9fee836b3ada98525c75f9f8fe8d58faa4f951af18e634e1976878bb3505,false,unique relocation-aware instruction identity with TH06
0x0047C0B9,3539,0x0045A822,D3DX::midct8x8aan,0x004A2C48,FUN_004a2c48,false,6a0d1b3e0a603c85db94e85124ebbbce47079f47926b71f95ab093cb83ca5c32,false,unique relocation-aware instruction identity with TH06; unique relocation-aware instruction identity with TH08
0x0047D13C,87,0x0045B9E0,vsprintf,0x004A3E17,_vsprintf,false,d7c4edc1285962bb1a528908e8474174bbe5ec00552f3c069911509a82019bc9,false,unique relocation-aware instruction identity with TH06; unique relocation-aware instruction identity with TH08
0x0047D193,128,0x0045B89F,__onexit_lk,0x004A3CD6,__onexit_lk,true,1cb5acca186d46e5d27f8281f8825c5e61262dc1644a846fc4f9d7c2c09f0dc1,false,unique relocation-aware instruction identity with TH06; unique relocation-aware instruction identity with TH08; TH06/TH08 semantic names agree
0x0047D273,18,0x0045B97F,_atexit,0x004A3DB6,_atexit,true,0a602755e79478f4dd5381ce0fa9348e50a463c30d3fe0677f8f08bad7c5ffa8,true,unique relocation-aware instruction identity with TH06; unique relocation-aware instruction identity with TH08; TH06/TH08 semantic names agree
0x0047D371,44,0x0045BBD9,__nh_malloc,0x004A423D,__nh_malloc,true,d8f936ab311707e46aed0fb4740c372625366a11bb9397428b79c59807a645bd,false,unique relocation-aware instruction identity with TH06; unique relocation-aware instruction identity with TH08; TH06/TH08 semantic names agree
0x0047D39D,18,0x0045BC05,_malloc,0x004A4269,_malloc,true,fb967c5e199f626b7684b5a560c4607a9cc80a4bf27d7f19584c908c0f2c5a89,false,unique relocation-aware instruction identity with TH06; unique relocation-aware instruction identity with TH08; TH06/TH08 semantic names agree
0x0047D3AF,136,0x0045BE92,_atol,0x004A4342,_atol,true,b447cc6d561d08a80fc867bb5d26d2558fdbbd5fea1f9d00de29aefb09d916bf,false,unique relocation-aware instruction identity with TH06; unique relocation-aware instruction identity with TH08; TH06/TH08 semantic names agree
0x0047D437,5,0x0045BF1F,operator_delete,,,false,e7c6357cde51ca93207d330f3267932d3633dc59581b0927784e011867a61002,false,unique relocation-aware instruction identity with TH06
0x0047D43C,5,0x0045BF1F,operator_delete,,,false,e7c6357cde51ca93207d330f3267932d3633dc59581b0927784e011867a61002,false,unique relocation-aware instruction identity with TH06
0x0047D441,14,0x0045BF24,operator_new,0x004A43D4,operator_new,true,c2a9f61fbbc5e9317e3c74f12a52cb500675167839e428207f4e5483b3aa37da,false,unique relocation-aware instruction identity with TH06; unique relocation-aware instruction identity with TH08; TH06/TH08 semantic names agree
0x0047D44F,88,0x0045C386,sprintf,0x004A4857,_sprintf,false,113f0d1a9398ed9435994261ad17882def9645f169811aac4a5d266afaafdc6e,false,unique relocation-aware instruction identity with TH06; unique relocation-aware instruction identity with TH08
0x0047D4B0,45,0x0045CA20,_strrchr,0x004A48B0,_strrchr,true,f02273745d9adf936d7a5d8cea423643a2bf3aae574568fa6befbbdd0bdb8426,true,unique relocation-aware instruction identity with TH06; unique relocation-aware instruction identity with TH08; TH06/TH08 semantic names agree
0x0047DB60,139,,,0x004A4CC0,_strlen,false,d6e604453339723f7b06ffa8225382cbdfa398d029d768c31ca87a578253d941,true,unique relocation-aware instruction identity with TH08
0x0047DBF0,96,0x0045CC30,_memset,0x004A4920,_memset,true,517c19f371b2b2fc82006839775ae8dded134f52394d824951e37933c153cb84,true,unique relocation-aware instruction identity with TH06; unique relocation-aware instruction identity with TH08; TH06/TH08 semantic names agree
0x0047DC50,44,0x0045D588,_mkdir,0x004A508D,__mkdir,false,a4efd4246c0a4107d6b7f239109c5efccd17d8d11b711d41e9a942b9988eaec8,false,unique relocation-aware instruction identity with TH06; unique relocation-aware instruction identity with TH08
0x0047DC7C,52,,,0x004A5C9E,_sscanf,false,813084a7ef5379f9d3456677c4c3446f360451ac4dfb4573a391bfe691c2ba20,false,unique relocation-aware instruction identity with TH08
0x0047DCB0,57,0x0045D5C0,_strncmp,0x004A5CE0,_strncmp,true,4967270ffbeab358cf2d09d0b1b759206efdcd6b8b353b8c407da3c71ce7a100,true,unique relocation-aware instruction identity with TH06; unique relocation-aware instruction identity with TH08; TH06/TH08 semantic names agree
0x0047DDC0,7,,,0x004A5D20,FUN_004a5d20,false,af7eb4bc3821c433c1c20442d659c329968009ee6d3ef8738f20e39d4d5bdadc,true,unique relocation-aware instruction identity with TH08
0x0047DDD0,232,,,0x004A5D30,FUN_004a5d30,false,05c04821cfc84e7bcb1f00a036201c120a714b77e4ed76e3d1f0d6e03a8d9613,true,unique relocation-aware instruction identity with TH08
0x0047DEB8,384,,,0x004A5940,_localtime,false,b144ba1e17dfe2074e9ab99223e0a97fc69072a6675d9fd80556868ab9a004e1,false,unique relocation-aware instruction identity with TH08
0x0047E058,121,,,0x004A5184,_store_num,false,1f7a3142911c18776334370a48ca97c25785294cb45cb72ed55f0428181145fd,true,unique relocation-aware instruction identity with TH08
0x0047E723,164,,,0x004A584F,FUN_004a584f,false,e539de4b5d27d26e6868131611b7a2cc67e730efff5e6dac10a5ff3f7c18bd5a,false,unique relocation-aware instruction identity with TH08
0x0047E7C7,50,,,0x004A58F3,__Strftime,false,cd22f11bcbfccaaa2031367a9248cf67762886e1c7810e6f1e46013befee1ab7,false,unique relocation-aware instruction identity with TH08
0x0047E7F9,27,,,0x004A5925,_strftime,false,cbcfac90921991e1d7386f7fd5d074ef4e20df6771f86f91c7299ab5a99ff2d9,true,unique relocation-aware instruction identity with TH08
0x0047E814,57,,,0x004A5AC0,__time32,false,ff063bc8d1cae57b16efc0ec092946365dba37b80c06e7392cb5644a16b67546,false,unique relocation-aware instruction identity with TH08
0x0047E84D,156,0x0045D5F9,_chdir,0x004A5B27,FUN_004a5b27,false,1ce6c556c7debd9bb9e26dbd13ebf57a677766f864a816c3c16e280f188579da,false,unique relocation-aware instruction identity with TH06; unique relocation-aware instruction identity with TH08
0x0047E8E9,34,0x0045D695,_rand,0x004A600A,_rand,true,d2055b2e1091bb6b6721cf66200124b2d1a0a4b4ca8b21c62e666e7636414462,false,unique relocation-aware instruction identity with TH06; unique relocation-aware instruction identity with TH08; TH06/TH08 semantic names agree
0x0047EC4F,56,0x0045B991,FUN_0045b991,0x004A3DC8,FUN_004a3dc8,false,140cc18c6708f3fe82a5ac84216eeb880ed632854d1978f3360a6f61c0f159d2,false,unique relocation-aware instruction identity with TH06; unique relocation-aware instruction identity with TH08
0x0047EC87,23,0x0045B9C9,FUN_0045b9c9,0x004A3E00,FUN_004a3e00,false,cf22f9169d6c2fbbebb43ab3c3406ed3a7fa40435d63193004d162491e78cbb3,false,unique relocation-aware instruction identity with TH06; unique relocation-aware instruction identity with TH08
0x0047ECBD,174,0x0045D93D,start,0x004A5E3D,FUN_004a5e3d,false,3a4aa0ad3e2d7ced4c637fee36b04567f5a095067f74c17f8c08f6c2e2609ef9,false,unique relocation-aware instruction identity with TH06; unique relocation-aware instruction identity with TH08
0x0047ED6B,154,0x0045D9EB,FUN_0045d9eb,0x004A6385,FUN_004a6385,false,0d1ba436e56b1cc0cf518d45fddd79bcf4b4f47acd79f142854a72bb09848b99,false,unique relocation-aware instruction identity with TH06; unique relocation-aware instruction identity with TH08
0x0047EE10,289,0x0045DB00,FUN_0045db00,,,false,f40147d2d06c91de2c626e697e87f54289d4cf461ca66ad9f5c3542a7cb3a9d2,false,unique relocation-aware instruction identity with TH06
0x0047EF34,39,0x0045DC24,__ftol,0x004A65CC,__ftol,true,e108ccc37768bd45acb9dde1d76fd27d404f82b8d7a9fd5ad4042b97650763e8,true,unique relocation-aware instruction identity with TH06; unique relocation-aware instruction identity with TH08; TH06/TH08 semantic names agree
0x0047EF5C,120,0x0045DC4C,_longjmp,0x004A6420,_longjmp,true,77f4c726fa7df914fffca1dd390ad1b6f82784a126c64d5d8fb2384adda84679,false,unique relocation-aware instruction identity with TH06; unique relocation-aware instruction identity with TH08; TH06/TH08 semantic names agree
0x0047EFD4,1,,,0x004818A0,FUN_004818a0,false,d77cdcb9086369e1ca2beab40e71c95616cdcb15e941f2eec0d4b8e7d997691b,true,unique relocation-aware instruction identity with TH08
0x0047EFD8,123,0x0045DCC8,__setjmp3,0x004A649C,__setjmp3,true,e7f76ba6a1f13d8f453e5aea34ceef9732451e357059d70a4adf3c2d47798c1d,true,unique relocation-aware instruction identity with TH06; unique relocation-aware instruction identity with TH08; TH06/TH08 semantic names agree
0x0047F053,58,0x0045DA85,_isdigit,0x004A6517,_isdigit,true,a9166f42de0d84ef933f4bf662101b6eab6a17a918f61963ba4937fe8ee44ecd,false,unique relocation-aware instruction identity with TH06; unique relocation-aware instruction identity with TH08; TH06/TH08 semantic names agree
0x0047F08D,63,,,0x004A6551,_isxdigit,false,171febced5c47d73bb5d14e160d1bb81b0440828bf6901c14a454169b52566e8,false,unique relocation-aware instruction identity with TH08
0x0047F0CC,58,0x0045DABF,_isspace,0x004A6590,_isspace,true,0630a87d27d5a11c2844a4ea6275444b191b6bdcd491d554e7ac84750bf0f917,false,unique relocation-aware instruction identity with TH06; unique relocation-aware instruction identity with TH08; TH06/TH08 semantic names agree
0x0047F150,84,0x0045DD90,FUN_0045dd90,0x004A6640,FUN_004a6640,false,1ad212032dea2da61a99b47bed4c1eebff17550ef2606a16a313eb15a161f8ed,false,unique relocation-aware instruction identity with TH06; unique relocation-aware instruction identity with TH08
0x0047F1AD,453,,,0x004A669D,FUN_004a669d,false,3185b4e0169edfff2a82a3270714e172348680d055bd0c83e20222ede77b8677,false,unique relocation-aware instruction identity with TH08
0x0047F372,40,,,0x004A6862,FUN_004a6862,false,1710c704be0b9e171a6ebd2c45b562c3d0a8e68836d6f7828784368e15e595b8,false,unique relocation-aware instruction identity with TH08
0x0047F3A0,61,0x0045D6C0,__chkstk,0x004A48E0,__chkstk,true,56ad05b9dabf259aa741dba55b57b7d82a6c2c43939e1af8fe09ca9b0859c83c,true,unique relocation-aware instruction identity with TH06; unique relocation-aware instruction identity with TH08; TH06/TH08 semantic names agree
0x0047F3DD,43,0x0045BF32,_JumpToContinuation,0x004A43E2,_JumpToContinuation,true,4f1a77158b52575fb93da33686c199726b2e2e7625c7579e882af7c70f5a5b48,true,unique relocation-aware instruction identity with TH06; unique relocation-aware instruction identity with TH08; TH06/TH08 semantic names agree
0x0047F40D,7,0x0045BF62,FID_conflict:_CallMemberFunction1,0x004A4412,_CallMemberFunction1,false,5cd8c64a81ebea207a177bcfa3ad042cc6f642b17379d3bf152069d334ae1408,true,unique relocation-aware instruction identity with TH06; unique relocation-aware instruction identity with TH08
0x0047F414,82,0x0045BF69,_UnwindNestedFrames,0x004A4419,_UnwindNestedFrames,true,27b557f2c984492022fcf07204cd6c5a3fc74c77627189fbaac10b8e94cac726,false,unique relocation-aware instruction identity with TH06; unique relocation-aware instruction identity with TH08; TH06/TH08 semantic names agree
0x0047F466,54,0x0045BFBB,___CxxFrameHandler,0x004A446B,___CxxFrameHandler,true,7002a5b559dcae152a83b49bc1998f2c5bad9b3c6d5019aed0e1ad31924335ac,false,unique relocation-aware instruction identity with TH06; unique relocation-aware instruction identity with TH08; TH06/TH08 semantic names agree
0x0047F49C,36,0x0045BFF1,FUN_0045bff1,,,false,1bd295e806bc2c12706c1c49927768d406bfde85b76cd35710e742b4f5d5aa81,false,unique relocation-aware instruction identity with TH06
0x0047F531,122,0x0045C086,_GetRangeOfTrysToCheck,0x004A4536,_GetRangeOfTrysToCheck,true,75e41e605a4251975294d898b840785285cfd7ce1987b89778ef80df3ce39902,false,unique relocation-aware instruction identity with TH06; unique relocation-aware instruction identity with TH08; TH06/TH08 semantic names agree
0x0047F5AB,40,0x0045C100,FUN_0045c100,0x004A45B0,FUN_004a45b0,false,de8c6f139a4c6b8f0f0d7f0de35d410a4fc9dc439ea98127f9ce8a2f0e7b2e4b,false,unique relocation-aware instruction identity with TH06; unique relocation-aware instruction identity with TH08
0x0047F5D3,33,0x0045C128,FUN_0045c128,0x004A45D8,FUN_004a45d8,false,81cf62a5650d06041b0b2baeb000843f6b1711e25cb37afd9ba236f6a4b829ed,false,unique relocation-aware instruction identity with TH06; unique relocation-aware instruction identity with TH08
0x0047F5F4,76,0x0045C149,_FindAndUnlinkFrame,0x004A45F9,_FindAndUnlinkFrame,true,6ab50baf56b021ecaa90dbdbbd40650728a500b08369e1fd416548424af4e8d5,false,unique relocation-aware instruction identity with TH06; unique relocation-aware instruction identity with TH08; TH06/TH08 semantic names agree
0x0047F640,81,0x0045C195,FUN_0045c195,0x004A4645,FUN_004a4645,false,73ad8b12ae5b83ea52b12fe323d26031f72774f862c2560356f6619c15f6b154,false,unique relocation-aware instruction identity with TH06; unique relocation-aware instruction identity with TH08
0x0047F691,175,0x0045C1E6,FUN_0045c1e6,0x004A4696,FUN_004a4696,false,3161ea3185d41977bdef44f3a073334092257452b2cb8d2c5171e5f050d26fe7,false,unique relocation-aware instruction identity with TH06; unique relocation-aware instruction identity with TH08
0x0047F740,32,0x0045C298,__global_unwind2,0x004A4748,__global_unwind2,true,6919aa3279522a6ec5f5d64e64fdd9851c0d7fb543e55d9113343a628656635c,false,unique relocation-aware instruction identity with TH06; unique relocation-aware instruction identity with TH08; TH06/TH08 semantic names agree
0x0047F760,34,0x0045C2B8,FUN_0045c2b8,,,false,8043adf4ed42b4e66cbc03e7944eebd1085cf26a39d26ab6b8b4b034f2c13a2d,true,unique relocation-aware instruction identity with TH06
0x0047F782,104,0x0045C2DA,__local_unwind2,0x004A478A,__local_unwind2,true,bd94909872e55fd32dfa1633a41b0902079b82c1a6ee0442807b6b8dd6a13f2f,false,unique relocation-aware instruction identity with TH06; unique relocation-aware instruction identity with TH08; TH06/TH08 semantic names agree
0x0047F7EA,35,0x0045C342,__abnormal_termination,0x004A47F2,__abnormal_termination,true,ed3ca0b673a0655a0c882bed29bd038f01e78771ffb9f395911d675fc2e80af1,false,unique relocation-aware instruction identity with TH06; unique relocation-aware instruction identity with TH08; TH06/TH08 semantic names agree
0x0047F80D,9,,,0x004A4815,__NLG_Notify1,false,3ec2978108a3cd3e68386ac5dcb93473bb44cc979c536d074a3868c9f43df1b8,false,unique relocation-aware instruction identity with TH08
0x0047F816,24,,,0x004A481E,FUN_004a481e,false,af38d665e934c20a7478ace0fd04ce967e84b0b220f1283939a46f40a320f1b5,false,unique relocation-aware instruction identity with TH08
0x0047F830,31,0x0045C3E0,FUN_0045c3e0,0x004A4838,___EH_prolog,false,d10d4d17fa90827a6439957458db8e21a73abd2e3c21303438204c76e5ad6373,true,unique relocation-aware instruction identity with TH06; unique relocation-aware instruction identity with TH08
0x0047F84F,47,0x0045DFDA,___crtExitProcess,0x004A69DF,___crtExitProcess,true,ba8dd7ff2f1ee04a1cb4e825b3f45d7220f1c3616e4e1a7e25c36a3bf959170c,false,unique relocation-aware instruction identity with TH06; unique relocation-aware instruction identity with TH08; TH06/TH08 semantic names agree
0x0047F891,101,0x0045E01C,FUN_0045e01c,0x004A6A21,FUN_004a6a21,false,0b70f956dba4f84e6ec1812c21343f99535c7e1f4520fbbf6d8c006936c675e6,false,unique relocation-aware instruction identity with TH06; unique relocation-aware instruction identity with TH08
0x0047F8F6,211,0x0045E081,doexit,0x004A6A86,FUN_004a6a86,false,8fd424792d9d2aed4812d17307327377c8f1d5b312c25c010a2a335cd801e3a0,false,unique relocation-aware instruction identity with TH06; unique relocation-aware instruction identity with TH08
0x0047F9C9,17,0x0045E154,exit,0x004A6B59,FUN_004a6b59,false,e06686fd4224030e74ba343dfb65dcb627c506cdf9cb65d4c43901efcf9268f3,true,unique relocation-aware instruction identity with TH06; unique relocation-aware instruction identity with TH08
0x0047F9DA,17,0x0045E165,__exit,0x004A6B6A,__exit,true,0e243869853a7926f2375fb8a272926b75f8ea7d7ed258a0270259a2290a053a,true,unique relocation-aware instruction identity with TH06; unique relocation-aware instruction identity with TH08; TH06/TH08 semantic names agree
0x0047F9EB,15,0x0045E176,_cexit,0x004A6B7B,FUN_004a6b7b,false,be9f0554e00d0c05d730b86c511d5e777f24d771deef8d06bc015cd94b0344e8,true,unique relocation-aware instruction identity with TH06; unique relocation-aware instruction identity with TH08
0x0047FBDD,51,0x0045EA67,_write_char,0x004A746B,_write_char,true,e09169cdcfd9a1b69fc5c280d736ae26ca318b367e426977a0ba05a82c151359,true,unique relocation-aware instruction identity with TH06; unique relocation-aware instruction identity with TH08; TH06/TH08 semantic names agree
0x0047FC10,36,0x0045EA9A,_write_multi_char,0x004A749E,_write_multi_char,true,e5f9d26ed0086327a33ba77a8a45cd9e21a51928f7185e6fa5808d00038d63df,true,unique relocation-aware instruction identity with TH06; unique relocation-aware instruction identity with TH08; TH06/TH08 semantic names agree
0x0047FC34,55,0x0045EABE,_write_string,0x004A74C2,_write_string,true,3d1c86c01182abeb6d99d37d36736992b0ff0170dbf3642c70ab1c59ca3aad36,true,unique relocation-aware instruction identity with TH06; unique relocation-aware instruction identity with TH08; TH06/TH08 semantic names agree
0x00480624,59,0x0045E474,__SEH_prolog,0x004A6E78,__SEH_prolog,true,28283ac57f89c11f63a9025036db73b133f2ba58208a128b3795e15f4f4cc987,false,unique relocation-aware instruction identity with TH06; unique relocation-aware instruction identity with TH08; TH06/TH08 semantic names agree
0x0048065F,17,0x0045E4AF,__SEH_epilog,0x004A6EB3,__SEH_epilog,true,15f66096487fd0337373969a325e743e7457856d3a44c3a652ffff11c9b2d5c1,true,unique relocation-aware instruction identity with TH06; unique relocation-aware instruction identity with TH08; TH06/TH08 semantic names agree
0x00480670,26,0x0045F42A,___heap_select,0x004A81A6,___heap_select,true,7ac101d57e17a22802015f49d9f0430d865786ba0646219c432e995382e773d3,false,unique relocation-aware instruction identity with TH06; unique relocation-aware instruction identity with TH08; TH06/TH08 semantic names agree
0x0048068A,81,0x0045F444,__heap_init,0x004A81C0,__heap_init,true,1c646bae7e7a1524bf47a9798cd21f4b516b2aa0673c56cc8349d398ac7f0628,false,unique relocation-aware instruction identity with TH06; unique relocation-aware instruction identity with TH08; TH06/TH08 semantic names agree
0x00480724,85,0x0045F4DE,__mtdeletelocks,0x004A808C,__mtdeletelocks,true,643230c509c2479c62dd4f4ea67897eececee4f8cb615b5c20311a1a7f0f8d70,false,unique relocation-aware instruction identity with TH06; unique relocation-aware instruction identity with TH08; TH06/TH08 semantic names agree
0x0048083E,72,0x0045F5F8,___sbh_heap_init,0x004A8211,___sbh_heap_init,true,9b196a8de796c4cfdb3bf062bab4e85dbd031f0517e3c23021677a3c01f54910,false,unique relocation-aware instruction identity with TH06; unique relocation-aware instruction identity with TH08; TH06/TH08 semantic names agree
0x00480886,43,0x0045F640,___sbh_find_block,0x004A8259,___sbh_find_block,true,17078d96599d1842782410315f06e120eef40a8789d15c9e2183bb5ac0449b02,false,unique relocation-aware instruction identity with TH06; unique relocation-aware instruction identity with TH08; TH06/TH08 semantic names agree
0x004808B1,792,0x0045F66B,___sbh_free_block,0x004A8284,___sbh_free_block,true,1d19c4c6a01b57553a9d1a2fe42a2146d6637871fcbb3511d9d017d090e37837,false,unique relocation-aware instruction identity with TH06; unique relocation-aware instruction identity with TH08; TH06/TH08 semantic names agree
0x00480BC9,183,0x0045F983,___sbh_alloc_new_region,0x004A859C,___sbh_alloc_new_region,true,18850f5343da79c2c982964469b37a29d11a01fd472d32dfab363cbb55bb3e97,false,unique relocation-aware instruction identity with TH06; unique relocation-aware instruction identity with TH08; TH06/TH08 semantic names agree
0x00480C80,262,0x0045FA3A,___sbh_alloc_new_group,0x004A8653,___sbh_alloc_new_group,true,95384f3b093059aa805d44b305a1d509e3a2dd5a6d69d0349338c83d2737fdb6,false,unique relocation-aware instruction identity with TH06; unique relocation-aware instruction identity with TH08; TH06/TH08 semantic names agree
0x00480D86,735,0x0045FB40,___sbh_resize_block,0x004A8759,___sbh_resize_block,true,b67d27a94f6b664d97555edb0cba1f4a3f52855f1642973ec06a005840a755c0,true,unique relocation-aware instruction identity with TH06; unique relocation-aware instruction identity with TH08; TH06/TH08 semantic names agree
0x00481065,764,0x0045FE1F,___sbh_alloc_block,0x004A8A38,___sbh_alloc_block,true,4e00b08cd529e5bb85ad6fb91d9b1b885d5a34d1910828611ed5470989fd8c87,false,unique relocation-aware instruction identity with TH06; unique relocation-aware instruction identity with TH08; TH06/TH08 semantic names agree
0x00481361,27,0x0046011B,__callnewh,0x004A8D34,__callnewh,true,305b6d76d3f5c1020aa1cbe4cb0df15f52e8fd90deebed0204265bf7d1462a13,false,unique relocation-aware instruction identity with TH06; unique relocation-aware instruction identity with TH08; TH06/TH08 semantic names agree
0x0048137C,119,0x004615BB,FUN_004615bb,0x004A9E0B,FUN_004a9e0b,false,1d19c9f2518678e45eb2b4dbfd0356bded9db24487e1135bfe4c3f00589eae85,false,unique relocation-aware instruction identity with TH06; unique relocation-aware instruction identity with TH08
0x004813F3,202,0x00461632,FUN_00461632,0x004A9E82,FUN_004a9e82,false,aec8ce5c68b7277e020f82a7d0a59038d058424428b0acc9d2b111b18814a350,false,unique relocation-aware instruction identity with TH06; unique relocation-aware instruction identity with TH08
0x004814BD,194,0x004616FC,FUN_004616fc,0x004A9F4C,FUN_004a9f4c,false,acbe28b285bf40d37b5ee14bff763d1215e324b6a6c0d04248c549e03a90109c,false,unique relocation-aware instruction identity with TH06; unique relocation-aware instruction identity with TH08
0x004815BA,30,0x004617F9,FUN_004617f9,0x004AA049,FUN_004aa049,false,5234f9f105f916f4b4bea064f79cb6ef1ae4a1e8d2aa6c429336084692b0c369,false,unique relocation-aware instruction identity with TH06; unique relocation-aware instruction identity with TH08
0x004815D8,113,0x00461817,__getptd,0x004AA067,__getptd,true,3210d7cdd4c17974e1d2e3b36d46af62d1cf52c9ae2c6c00b98fadc5ea36b8a2,false,unique relocation-aware instruction identity with TH06; unique relocation-aware instruction identity with TH08; TH06/TH08 semantic names agree
0x00481649,111,0x00461888,FUN_00461888,0x004AA0D8,FUN_004aa0d8,false,4eb550b33194746999837ff06b3327767e516d1b432b820b25e145811d9eb4eb,false,unique relocation-aware instruction identity with TH06; unique relocation-aware instruction identity with TH08
0x004816C0,52,0x0045D3E0,__allmul,0x004A5130,__allmul,true,da50583d1ac38e7a43f70fc939cf60332a5e205dc54fc28faf5defce41d1c6b0,true,unique relocation-aware instruction identity with TH06; unique relocation-aware instruction identity with TH08; TH06/TH08 semantic names agree
0x004816F4,9,0x0046322A,FUN_0046322a,0x004AAAD2,FUN_004aaad2,false,e05b318a62c7d64584eff62da1a02ef34c5e2026cd5219c614d110c2c8f930e1,false,unique relocation-aware instruction identity with TH06; unique relocation-aware instruction identity with TH08
0x004816FD,9,0x00463233,FUN_00463233,0x004AAADB,FUN_004aaadb,false,d0d6421052cdd755c1898523b856a7570cd6692d18258e0baed1c438415093fc,false,unique relocation-aware instruction identity with TH06; unique relocation-aware instruction identity with TH08
0x00481779,22,,,0x004AB44A,__inc,false,50a3542bcd6f2b60f13dc761c1a14bd873675d3954b8c9b7b4e9ec531fc6ac13,false,unique relocation-aware instruction identity with TH08
0x00482237,625,,,0x004AAB57,FUN_004aab57,false,4e5a3975db846ecb4a5de950fcd1bb0009ea6a31a7c3e357da3cf25d2b325d9c,false,unique relocation-aware instruction identity with TH08
0x00482660,395,,,0x004AAF80,FUN_004aaf80,false,3c1eaea1ba5c3f47bbf9a97b27cbbdd6bc1d4d13ebb97c3d8d84ac0501a2ab2d,false,unique relocation-aware instruction identity with TH08
0x004827EB,46,,,0x004AB10B,FUN_004ab10b,false,3424522c5674166851e1f619450a488c9ba24124d3383358e1611324917f9a42,false,unique relocation-aware instruction identity with TH08
0x00482819,32,,,0x004AB139,FUN_004ab139,false,43478909e6701628480b81be71e51a9eb8e422600f0183b21f5da78ebe594953,false,unique relocation-aware instruction identity with TH08
0x00482839,263,,,0x004AB27F,_gmtime,false,a195d3324bd5a90a76f2ed8079330a5586f4d9653f35c4853977c67f3b7c459e,false,unique relocation-aware instruction identity with TH08
0x00482940,78,0x00468B10,___ascii_stricmp,0x004AB160,___ascii_stricmp,true,2269d3b3abb7018533174ffb1474930bea7ceb917074688010c22304d21b2f99,true,unique relocation-aware instruction identity with TH06; unique relocation-aware instruction identity with TH08; TH06/TH08 semantic names agree
0x0048298E,209,0x00467DDA,FUN_00467dda,0x004AB1AE,FUN_004ab1ae,false,95cab908c7b6e1ee46f3d0c7167be654a26b0437098de4d70b15140a132f9331,false,unique relocation-aware instruction identity with TH06; unique relocation-aware instruction identity with TH08
0x00482A60,104,0x0045D370,__aulldiv,0x004A50C0,__aulldiv,true,93a5b65a7df2f3342043fd3117d1dffb7cc3765767a3b7e11ce85aa9de0523fc,true,unique relocation-aware instruction identity with TH06; unique relocation-aware instruction identity with TH08; TH06/TH08 semantic names agree
0x00482AC8,133,0x00463BBE,__mbctoupper,0x004AB386,__mbctoupper,true,e869ce3934df376597acb12fcdc06b0d8152a90aeb68e3d480c82fbe6088a162,false,unique relocation-aware instruction identity with TH06; unique relocation-aware instruction identity with TH08; TH06/TH08 semantic names agree
0x00482B7E,14,0x0045BA68,__security_check_cookie,0x004AB43C,FUN_004ab43c,false,e33f1ab8df182d505abadeb90366509773e3e47612f3cf18f53391b97b9e2d0a,false,unique relocation-aware instruction identity with TH06; unique relocation-aware instruction identity with TH08
0x00482D65,57,0x00463DBA,__FF_MSGBANNER,0x004AC403,__FF_MSGBANNER,true,bc1bd63aa43a9c4a0589cdffa222d3f3b9513daeacbd02cec7cc91477a59df88,false,unique relocation-aware instruction identity with TH06; unique relocation-aware instruction identity with TH08; TH06/TH08 semantic names agree
0x00482D9E,356,0x00463DF3,__XcptFilter,0x004AC43C,__XcptFilter,true,0fd9aae59f84030bde70f7362cbdba517648cdaf621e0bbcbc38cff30bab8e10,false,unique relocation-aware instruction identity with TH06; unique relocation-aware instruction identity with TH08; TH06/TH08 semantic names agree
0x00482F02,105,0x00463F57,FUN_00463f57,0x004AC5A0,FUN_004ac5a0,false,911c299345521da917cf9e5bd9231f2114c5eb836e8e5ad6b45ee7f4459459e6,false,unique relocation-aware instruction identity with TH06; unique relocation-aware instruction identity with TH08
0x00482F6B,199,0x00463FC0,__setenvp,0x004AC609,__setenvp,true,eed30799039e3bcf91e12c25d8765f1f02fa2e35d38044b45bd06603e5b2a4cf,false,unique relocation-aware instruction identity with TH06; unique relocation-aware instruction identity with TH08; TH06/TH08 semantic names agree
0x0048319E,162,0x004641F3,FUN_004641f3,0x004AC83C,FUN_004ac83c,false,bb118a457762a5cc85ec834fe43f7797dba2db557c3c2aa36c9990e87fa55944,false,unique relocation-aware instruction identity with TH06; unique relocation-aware instruction identity with TH08
0x00483240,290,0x00464295,___crtGetEnvironmentStringsA,0x004AC8DE,___crtGetEnvironmentStringsA,true,a06d44ac502ad0ff283b393f14e7e28df7de07fa3906c1e1c680d48d62ffa83b,false,unique relocation-aware instruction identity with TH06; unique relocation-aware instruction identity with TH08; TH06/TH08 semantic names agree
0x004835E8,60,0x0045E4C0,__forcdecpt,0x004A6EC4,__forcdecpt,true,7fabfaf70c109244579ad6672d4ae0c7448f1f1142508ddf9c90e78eea4c1a66,false,unique relocation-aware instruction identity with TH06; unique relocation-aware instruction identity with TH08; TH06/TH08 semantic names agree
0x00483689,62,0x0045E561,__fassign,0x004A6F65,__fassign,true,d4f39c0b457409476c02f11a9c741344fbdeb0b56398d9399e0b38c0f4670783,false,unique relocation-aware instruction identity with TH06; unique relocation-aware instruction identity with TH08; TH06/TH08 semantic names agree
0x004836C7,29,0x0045E59F,__shift,0x004A6FA3,__shift,true,a2b161ec09c693a70be46f5d0aaed894849ccfd188e77583d7b70448edc92cb3,false,unique relocation-aware instruction identity with TH06; unique relocation-aware instruction identity with TH08; TH06/TH08 semantic names agree
0x004836E4,174,0x0045E5BC,__cftoe2,0x004A6FC0,__cftoe2,true,ccaf783dfe172af8f8a09f19ab104dde79e723937466307a8b12ce950a3d47e9,false,unique relocation-aware instruction identity with TH06; unique relocation-aware instruction identity with TH08; TH06/TH08 semantic names agree
0x00483792,116,0x0045E66A,FUN_0045e66a,0x004A706E,FUN_004a706e,false,ad4d2e6fac9c1adbc41ae3b05ca3073fbd37cf1c11b45c28d387227fd2115657,false,unique relocation-aware instruction identity with TH06; unique relocation-aware instruction identity with TH08
0x00483806,156,0x0045E6DE,FUN_0045e6de,0x004A70E2,FUN_004a70e2,false,d64aa2d50b0eec6116c3d37d2c5ec6d3094a3be481fbb5deaa8ff819046f424f,false,unique relocation-aware instruction identity with TH06; unique relocation-aware instruction identity with TH08
0x004838A2,104,0x0045E77A,FUN_0045e77a,0x004A717E,FUN_004a717e,false,839d2f10f1991765383d365ce4a754fba717d1f8521b8361a037a3d3e194a9a9,false,unique relocation-aware instruction identity with TH06; unique relocation-aware instruction identity with TH08
0x0048390A,160,0x0045E7E2,FUN_0045e7e2,0x004A71E6,FUN_004a71e6,false,debe0ba3bad872a246917da887861744a96a2ddfe6a50b405431224514432bed,false,unique relocation-aware instruction identity with TH06; unique relocation-aware instruction identity with TH08
0x004839AA,81,0x0045E882,__cfltcvt,0x004A7286,__cfltcvt,true,454c238546e3425cc5cce80ef065e68e0d8f5290da41f320cfef619fba88885a,true,unique relocation-aware instruction identity with TH06; unique relocation-aware instruction identity with TH08; TH06/TH08 semantic names agree
0x004839FB,18,0x0045E8D3,FUN_0045e8d3,0x004A72D7,FUN_004a72d7,false,17a48329643709d73574304abdcef46983e27ea10d086c75789188733eb251af,false,unique relocation-aware instruction identity with TH06; unique relocation-aware instruction identity with TH08
0x00483A0D,64,0x0045E8E5,__ms_p5_test_fdiv,0x004A72E9,__ms_p5_test_fdiv,true,af9cd875b33caf67a7b0c9cb30a14766e7f9d305551707e6f8e422ed8ece6419,false,unique relocation-aware instruction identity with TH06; unique relocation-aware instruction identity with TH08; TH06/TH08 semantic names agree
0x00483A4D,41,0x0045E925,__ms_p5_mp_test_fdiv,0x004A7329,__ms_p5_mp_test_fdiv,true,28f83f974cbe759eb31c4e4e9bb6460b6a6bb28fc3f93a4ee1868da82322945f,false,unique relocation-aware instruction identity with TH06; unique relocation-aware instruction identity with TH08; TH06/TH08 semantic names agree
0x00483A80,103,0x00460140,__trandisp1,0x004A7C90,__trandisp1,true,4e53232e287c18da4413927f9afddb83b2d52824c09c3a768399e46ce336d7d5,false,unique relocation-aware instruction identity with TH06; unique relocation-aware instruction identity with TH08; TH06/TH08 semantic names agree
0x00483AE7,140,0x004601A7,__trandisp2,0x004A7CF7,__trandisp2,true,5495caf38d16a649e8efb8c8fccff62a09a18d52c798a36005a927f4fede1458,false,unique relocation-aware instruction identity with TH06; unique relocation-aware instruction identity with TH08; TH06/TH08 semantic names agree
0x00483C39,10,0x004602F9,FUN_004602f9,,,false,3e994978cd611b9226a9c7e089eeb313a16a9248d582ce9814465be49ba403cc,true,unique relocation-aware instruction identity with TH06
0x00483C49,1,,,0x004818A0,FUN_004818a0,false,d77cdcb9086369e1ca2beab40e71c95616cdcb15e941f2eec0d4b8e7d997691b,true,unique relocation-aware instruction identity with TH08
0x00483C50,23,0x00460310,FUN_00460310,0x004A7FF0,FUN_004a7ff0,false,d9d40328d44bb6614422dca8f13138f96e2b745e10b773798d93059fd8902d00,true,unique relocation-aware instruction identity with TH06; unique relocation-aware instruction identity with TH08
0x00483C67,60,0x00460327,__startOneArgErrorHandling,0x004A8007,__startOneArgErrorHandling,true,48d7afbf01fc6191d242732a3f0ef97208612655fc7dad4f6948fb863346eabf,false,unique relocation-aware instruction identity with TH06; unique relocation-aware instruction identity with TH08; TH06/TH08 semantic names agree
0x00483CB0,21,,,0x004A7E60,FUN_004a7e60,false,15b264a90fb2ab10aaf6ad0c6d35f59d56a26f51e27dc73ad256dc84ccf89c74,true,unique relocation-aware instruction identity with TH08
0x00483CC5,23,0x00460385,__load_CW,0x004A7E75,FUN_004a7e75,false,bc751bb5f0cd25bb3905acf7a1fbac117e84e54a27e5ca4c36c5321620d72d2d,true,unique relocation-aware instruction identity with TH06; unique relocation-aware instruction identity with TH08
0x00483CDC,25,0x0046039C,__convertTOStoQNaN,0x004A7E8C,FUN_004a7e8c,false,1f4f29348181eb35b491e3436b639f2e01eef0a62deba7c31f64c531a6efe865,false,unique relocation-aware instruction identity with TH06; unique relocation-aware instruction identity with TH08
0x00483CF5,67,0x004603B5,__fload_withFB,0x004A7EA5,__fload_withFB,true,5a1c01f5fb56bbffff096ec6119124a9585089dc19942fd861b70364421dc18b,true,unique relocation-aware instruction identity with TH06; unique relocation-aware instruction identity with TH08; TH06/TH08 semantic names agree
0x00483D38,22,0x004603F8,FUN_004603f8,0x004A7EE8,FUN_004a7ee8,false,253afb38caea48fe560a26a855dee025047c5f9793bb823b0979d766531f054b,true,unique relocation-aware instruction identity with TH06; unique relocation-aware instruction identity with TH08
0x00483D99,163,,,0x004A7F49,FUN_004a7f49,false,31cc22912b34d40fcfb8b7da198ecc802d932e9cb796fd1aedd0656227af1c60,false,unique relocation-aware instruction identity with TH08
0x00483E3C,42,0x004628E7,__set_exp,0x004ACC86,__set_exp,true,8cf91eba147201e8c9c7ba2020077d6acf2d728ec7b01ebb168503e49c22bec1,true,unique relocation-aware instruction identity with TH06; unique relocation-aware instruction identity with TH08; TH06/TH08 semantic names agree
0x00483E66,91,0x00462911,__sptype,0x004ACCB0,__sptype,true,453213c797caa61adbe1d971e7975c24fe3b282dddcd87e8b8a0ff2f4df35fea,true,unique relocation-aware instruction identity with TH06; unique relocation-aware instruction identity with TH08; TH06/TH08 semantic names agree
0x00483EC1,186,0x0046296C,FUN_0046296c,0x004ACD0B,FUN_004acd0b,false,f644dd0e05bd72d5e9c93ba0291496f1f4025c0e1912b448847433a344de6406,false,unique relocation-aware instruction identity with TH06; unique relocation-aware instruction identity with TH08
0x00483F7B,677,0x0046221C,__raise_exc,0x004ACDC5,__raise_exc,true,c0e8f937e6b05eebcf7059f2468fc542f747bbdf3af4a57d6112296a24df6476,false,unique relocation-aware instruction identity with TH06; unique relocation-aware instruction identity with TH08; TH06/TH08 semantic names agree
0x00484220,546,0x004624C1,FUN_004624c1,0x004AD06A,FUN_004ad06a,false,34c9a6542391e7cd8803b3dacfd086de4a42849911bd6e485ae4d0d4ef559137,false,unique relocation-aware instruction identity with TH06; unique relocation-aware instruction identity with TH08
0x00484442,40,0x004626E3,FID_conflict:__set_errno_from_matherr,0x004AD28C,FID_conflict:__set_errno_from_matherr,true,4bc15c490f62fb77b79979fb09691f046dc6449db40a8ccced7c4ab1646f0afa,false,unique relocation-aware instruction identity with TH06; unique relocation-aware instruction identity with TH08; TH06/TH08 semantic names agree
0x0048446A,45,0x0046270B,__errcode,0x004AD2B4,__errcode,true,179f137c637ea6f19e3a0b83a28c6e57758af33d9554cb1d5ed9bfed093d10c9,true,unique relocation-aware instruction identity with TH06; unique relocation-aware instruction identity with TH08; TH06/TH08 semantic names agree
0x00484535,83,0x004627D6,__handle_qnan1,0x004AD37F,__handle_qnan1,true,102e73cb77ed6fbb8cd30341a2ad60eb67cd9ceb1baa80f0d2c96fdd5e0459f3,false,unique relocation-aware instruction identity with TH06; unique relocation-aware instruction identity with TH08; TH06/TH08 semantic names agree
0x00484588,190,0x00462829,FUN_00462829,0x004AD3D2,FUN_004ad3d2,false,344a65bcf7423f30e1e05494cae9786193a3d386e856c93fae893ec63b5464d1,false,unique relocation-aware instruction identity with TH06; unique relocation-aware instruction identity with TH08
0x00484646,13,0x00462A26,FUN_00462a26,0x004AD490,FUN_004ad490,false,8e3e468ed363a3a4d143cd675496e5a93a019853aed285731d17d693421704c3,true,unique relocation-aware instruction identity with TH06; unique relocation-aware instruction identity with TH08
0x00484653,14,0x00462A33,FUN_00462a33,0x004AD49D,FUN_004ad49d,false,7d54fa0f8d35dfd2efc00ea2dd3de7df06eeede04f2aca6c106d0a3f1b48412d,true,unique relocation-aware instruction identity with TH06; unique relocation-aware instruction identity with TH08
0x00484661,36,0x00462A41,__ctrlfp,0x004AD4AB,__ctrlfp,true,d72ae02d0016a80f520acec006e9346af809071ce4a49da27ac3f018453b29c8,true,unique relocation-aware instruction identity with TH06; unique relocation-aware instruction identity with TH08; TH06/TH08 semantic names agree
0x00484685,89,0x00462A65,FUN_00462a65,0x004AD4CF,FUN_004ad4cf,false,fcc1aeeea513c8a18107af5a3bff4f9f9ff76be9ab25aa62281a0f64fbd78325,false,unique relocation-aware instruction identity with TH06; unique relocation-aware instruction identity with TH08
0x004846DE,660,0x0046443F,FUN_0046443f,0x004AE493,FUN_004ae493,false,89a544025d492a0b9d7b92a625f34d80316752ca58aff118acfd1e01da118824,false,unique relocation-aware instruction identity with TH06; unique relocation-aware instruction identity with TH08
0x004849FE,209,0x0046475F,FUN_0046475f,,,false,4011726441c92606dbeee17e712d5d68fd0d26878c8354ef16e948c261baa214,false,unique relocation-aware instruction identity with TH06
0x00484B20,25,0x00464880,__CIpow_pentium4,0x004AD570,FUN_004ad570,false,3883b65752e2f0d7fcbd487d2dc18ec44b33c2365e6f6c6c78d78241032beef4,true,unique relocation-aware instruction identity with TH06; unique relocation-aware instruction identity with TH08
0x00485757,1,,,0x004818A0,FUN_004818a0,false,d77cdcb9086369e1ca2beab40e71c95616cdcb15e941f2eec0d4b8e7d997691b,true,unique relocation-aware instruction identity with TH08
0x004857A2,1,,,0x004818A0,FUN_004818a0,false,d77cdcb9086369e1ca2beab40e71c95616cdcb15e941f2eec0d4b8e7d997691b,true,unique relocation-aware instruction identity with TH08
0x00485836,1,,,0x004818A0,FUN_004818a0,false,d77cdcb9086369e1ca2beab40e71c95616cdcb15e941f2eec0d4b8e7d997691b,true,unique relocation-aware instruction identity with TH08
0x00485877,106,0x004655D7,FUN_004655d7,0x004AE2C7,FUN_004ae2c7,false,e44fc39f3c6370e7f3c77840be6e293ed539a3c2723920c03fe2ea4d69364be1,false,unique relocation-aware instruction identity with TH06; unique relocation-aware instruction identity with TH08
0x004858E1,354,0x00465641,__powhlp,0x004AE331,__powhlp,true,3669ec8fc6f6b2fcc56f939ecd697ab538f59c48a048ed5c816fc5a943c2a7d0,false,unique relocation-aware instruction identity with TH06; unique relocation-aware instruction identity with TH08; TH06/TH08 semantic names agree
0x00485A43,79,0x004618F7,TypeMatch,0x004AA147,TypeMatch,true,6b95e71c66a14c363cd4bcf1835d9774b5f9f3f13d1abbf1b59bd89c8acec4c1,false,unique relocation-aware instruction identity with TH06; unique relocation-aware instruction identity with TH08; TH06/TH08 semantic names agree
0x00485BC3,29,0x00461A77,FUN_00461a77,0x004AA2C7,FUN_004aa2c7,false,c4efb09916ff15f84a6132076a6c691680733b1faf3d60d5b366fb23b99fbd98,true,unique relocation-aware instruction identity with TH06; unique relocation-aware instruction identity with TH08
0x00485F03,103,0x00461DB7,CatchIt,0x004AA607,CatchIt,true,de72aa8fb8c2ee63db6cbaf97bae2b15a3b37de5f7e07c7fe1e8cfbcb23c9438,false,unique relocation-aware instruction identity with TH06; unique relocation-aware instruction identity with TH08; TH06/TH08 semantic names agree
0x00485F6A,192,0x00461E1E,FUN_00461e1e,0x004AA66E,FUN_004aa66e,false,155ff5b3c1e84fee41003dd971d9a9168ab8876096268008fb22dc821a26977d,false,unique relocation-aware instruction identity with TH06; unique relocation-aware instruction identity with TH08
0x0048602A,482,0x00461EDE,FUN_00461ede,0x004AA72E,FUN_004aa72e,false,27765bc640a5a3ab119ea565195649028751a9c3aa43b641eb9b7fcc8bc77c19,false,unique relocation-aware instruction identity with TH06; unique relocation-aware instruction identity with TH08
0x0048620C,162,0x004620C0,___InternalCxxFrameHandler,0x004AA910,___InternalCxxFrameHandler,true,c990d3ef41fd073b9acf9039dd12e1c5b580190b28443ad110ec31078e0ccb17,false,unique relocation-aware instruction identity with TH06; unique relocation-aware instruction identity with TH08; TH06/TH08 semantic names agree
0x004862B0,76,0x004621D0,__CallSettingFrame@12,0x004AAA20,__CallSettingFrame@12,true,ccf888f1664d4007ec43e2f5d469813b21c41fcb2afd9c7fad53ef48480f62d6,false,unique relocation-aware instruction identity with TH06; unique relocation-aware instruction identity with TH08; TH06/TH08 semantic names agree
0x0048666B,68,0x0046602C,__getbuf,0x004AF3EF,__getbuf,true,435604ef09bbbce3521c5cbda01fc63a3f76f8ab6de3d40bdb8043ec942024e2,false,unique relocation-aware instruction identity with TH06; unique relocation-aware instruction identity with TH08; TH06/TH08 semantic names agree
0x0048683A,96,0x0046609A,___wctomb_mt,0x004AF5BE,___wctomb_mt,true,e9250fdee19658cc9285bd527f807bd91846ea819fc424079f3a0ff30e4e18d6,false,unique relocation-aware instruction identity with TH06; unique relocation-aware instruction identity with TH08; TH06/TH08 semantic names agree
0x0048689A,39,0x004660FA,_wctomb,0x004AF61E,_wctomb,true,c20a74b34ff1b925c257377d07626816424fb691b4f0747155afdf26c6f7f715,false,unique relocation-aware instruction identity with TH06; unique relocation-aware instruction identity with TH08; TH06/TH08 semantic names agree
0x004868D0,149,0x00466130,__aulldvrm,0x004AF650,__aulldvrm,true,7987fac02f20e22a9bdeec06ab3218039ba76b17b93278d8303aff637074a0d0,true,unique relocation-aware instruction identity with TH06; unique relocation-aware instruction identity with TH08; TH06/TH08 semantic names agree
0x00486970,189,0x004657AC,FUN_004657ac,,,false,dbfcaae3e1b0355bf90992e2c1d05c19c79e4912f8705fe5cd6c80d77a2775ba,false,unique relocation-aware instruction identity with TH06
0x00486A2D,27,0x00465869,FUN_00465869,0x004AE8BD,FUN_004ae8bd,false,b3fbd8e4f354f7a63ed353f947db68d73402c26f33178eed44d872d1b5b09315,false,unique relocation-aware instruction identity with TH06; unique relocation-aware instruction identity with TH08
0x00486A48,16,0x004663E4,___crtInitCritSecNoSpinCount@8,0x004AF7E3,___crtInitCritSecNoSpinCount@8,true,8997bd9bb70c12dcc4e6d120e97011e597105fa399aa86f1540fef6d1bf2bd1f,false,unique relocation-aware instruction identity with TH06; unique relocation-aware instruction identity with TH08; TH06/TH08 semantic names agree
0x00486C9D,400,0x00466737,___free_lc_time,0x004AFA38,___free_lc_time,true,42bcc4ee9f7c4480882669489603faac643d8b313d41c0662d5f8681b1e28405,false,unique relocation-aware instruction identity with TH06; unique relocation-aware instruction identity with TH08; TH06/TH08 semantic names agree
0x00486E2D,95,0x004668C7,___free_lconv_num,0x004AFBC8,___free_lconv_num,true,5c67534ec8d6a5790640a528e2f9281f4544f9bc9278c3b47f3e29895571064a,false,unique relocation-aware instruction identity with TH06; unique relocation-aware instruction identity with TH08; TH06/TH08 semantic names agree
0x00486E8C,217,0x00466926,___free_lconv_mon,0x004AFC27,___free_lconv_mon,true,ac2c4344562d23ffe3a064432a628a5d40c6a4f75d29e3eb10748ac836d2cc39,false,unique relocation-aware instruction identity with TH06; unique relocation-aware instruction identity with TH08; TH06/TH08 semantic names agree
0x00486F70,70,0x00466A00,_strcspn,0x004AFD00,_strcspn,true,39e29408dca66dd23a372cb008daa756774d67cf11e02373b932f42b5ce6b2e2,true,unique relocation-aware instruction identity with TH06; unique relocation-aware instruction identity with TH08; TH06/TH08 semantic names agree
0x00486FC0,292,,,0x004AFD50,_strncpy,false,93709c733c0a46e21718bd04e4c66a35a3ffe3224b894202c10e225f67675041,true,unique relocation-aware instruction identity with TH08
0x00487240,64,0x00466BA0,_strpbrk,0x004AFFD0,_strpbrk,true,9e0505f31b157b2b1b9140f9c60ab0f700697326b5022a1c67f3973c467f2e1e,true,unique relocation-aware instruction identity with TH06; unique relocation-aware instruction identity with TH08; TH06/TH08 semantic names agree
0x00487280,47,0x00466BE0,FUN_00466be0,0x004B0010,FUN_004b0010,false,01606b2c4642c927d9357b722574d1c2fa9d646066c8d531fad3e4dd34150303,true,unique relocation-aware instruction identity with TH06; unique relocation-aware instruction identity with TH08
0x004872AF,41,0x00466C0F,_setSBCS,0x004B003F,_setSBCS,true,ae787e8f5cf74490d9fe5235f0e8d8fadc55f061c983c657bc961a31a64b2b34,false,unique relocation-aware instruction identity with TH06; unique relocation-aware instruction identity with TH08; TH06/TH08 semantic names agree
0x004877BF,30,0x0046711F,___initmbctable,0x004B054F,___initmbctable,true,4088d66fc5b3b07fd467194b4c7bba4bf22aa8251d5ddf1a38e03f2c426ef9e0,false,unique relocation-aware instruction identity with TH06; unique relocation-aware instruction identity with TH08; TH06/TH08 semantic names agree
0x004878BE,108,,,0x004B0C93,FID_conflict:_ungetc,false,6b292021680dcc452363cb1077698f21e8ba9f9bb4e700aa7d5ace916f5ffd97,false,unique relocation-aware instruction identity with TH08
0x0048792A,192,,,0x004B0CFF,___mbtowc_mt,false,b5f5e6bbd0dce1806a8a295849335b30c048e31933c996cdc7d7006d7e3ecbb3,false,unique relocation-aware instruction identity with TH08
0x004879EA,43,,,0x004B0DBF,_mbtowc,false,d3fd833c3164b44ca8f56207e8f00919382f7c0a277af88c2f70de0281847529,false,unique relocation-aware instruction identity with TH08
0x00487A15,129,,,0x004B05D5,FID_conflict:__getenv_lk,false,f7e37f88e6cfbc74a7691c14aee8c5e189f7b3c5a172304163669da749d57b23,false,unique relocation-aware instruction identity with TH08
0x00487E52,86,0x0045F28A,__security_init_cookie,0x004B0A12,__security_init_cookie,true,c2ef33f2263a130e11e8e8a74b1c0f6d8e17323a5ad804fa49ba80b482744ff2,false,unique relocation-aware instruction identity with TH06; unique relocation-aware instruction identity with TH08; TH06/TH08 semantic names agree
0x00487FF2,23,0x0046718D,_abort,0x004B05BD,_abort,true,2029066b8782931353a856367b60aa2fa9196f561d9877d11e234ad2ef49db79,false,unique relocation-aware instruction identity with TH06; unique relocation-aware instruction identity with TH08; TH06/TH08 semantic names agree
0x0048800A,249,0x004661C5,___crtMessageBoxA,0x004B0DEA,___crtMessageBoxA,true,ac0f516c11248a1a640ff1ead5794c6d4651f69988ffb952d696c274a93284fd,false,unique relocation-aware instruction identity with TH06; unique relocation-aware instruction identity with TH08; TH06/TH08 semantic names agree
0x00488134,17,0x00467DC9,FUN_00467dc9,0x004B0F14,FUN_004b0f14,false,fa7e73b9d8b94858c9d5f28cb254c9fdd7c3575a5e99414d6ef9e92b0319b043,true,unique relocation-aware instruction identity with TH06; unique relocation-aware instruction identity with TH08
0x00488145,200,0x00465884,FUN_00465884,0x004AE8D8,FUN_004ae8d8,false,0db26151d8dc33ae484ed1781f888bd84a5c650c5a24c32999c38d43ad16772c,false,unique relocation-aware instruction identity with TH06; unique relocation-aware instruction identity with TH08
0x0048820D,34,0x0046594C,_tolower,0x004AE9A0,_tolower,true,25685138a7c042772a2274bfc31af65531a88a45db9bd715296fbed15509f6e4,false,unique relocation-aware instruction identity with TH06; unique relocation-aware instruction identity with TH08; TH06/TH08 semantic names agree
0x0048822F,50,0x0046596E,__ZeroTail,0x004AE9C2,__ZeroTail,true,ccd4c55a6305b1b4650f9f0e9b2ba3bb5a00ca3f5820d9071e09a93b219af6bb,true,unique relocation-aware instruction identity with TH06; unique relocation-aware instruction identity with TH08; TH06/TH08 semantic names agree
0x00488261,77,0x004659A0,__IncMan,0x004AE9F4,__IncMan,true,6979b2262320b63da363f16d3aa14076a01f3bb44cb3d694ef7086765fd3d6bd,false,unique relocation-aware instruction identity with TH06; unique relocation-aware instruction identity with TH08; TH06/TH08 semantic names agree
0x004882AE,114,0x004659ED,__RoundMan,0x004AEA41,__RoundMan,true,50721216e424f61e330c36beb8fde8d32cf7aa84ee9ba8d59efbcdc9b1a1d4f4,true,unique relocation-aware instruction identity with TH06; unique relocation-aware instruction identity with TH08; TH06/TH08 semantic names agree
0x00488320,27,0x00465A5F,__CopyMan,0x004AEAB3,__CopyMan,true,ba1eeeffaca4355bfb1c2a839e42f6e461794d09c8813a4ab0732df84d9843d6,true,unique relocation-aware instruction identity with TH06; unique relocation-aware instruction identity with TH08; TH06/TH08 semantic names agree
0x0048833B,25,0x00465A7A,__IsZeroMan,0x004AEACE,__IsZeroMan,true,946b7d870229874273558a1db114c360d04e5600919c7e32e8f85bd4cea99dfc,true,unique relocation-aware instruction identity with TH06; unique relocation-aware instruction identity with TH08; TH06/TH08 semantic names agree
0x00488354,123,0x00465A93,__ShrMan,0x004AEAE7,__ShrMan,true,155b56732e4df6c419b963258949f120c7832a013fd24f74667d3b9d2e32e753,true,unique relocation-aware instruction identity with TH06; unique relocation-aware instruction identity with TH08; TH06/TH08 semantic names agree
0x004883CF,344,0x00465B0E,__ld12cvt,0x004AEB62,__ld12cvt,true,417feae05b8db25f0869b6258631bec53b93d5a413c1882f22051bb8abc6a2b2,true,unique relocation-aware instruction identity with TH06; unique relocation-aware instruction identity with TH08; TH06/TH08 semantic names agree
0x004885D9,119,0x00465D18,FUN_00465d18,0x004AED6C,FUN_004aed6c,false,ab42ffa717250343b457b062d68010ba5e6b9644f7ca349667baaff8c37ac9f5,false,unique relocation-aware instruction identity with TH06; unique relocation-aware instruction identity with TH08
0x00488650,186,0x00465D8F,___dtold,0x004AEDE3,___dtold,true,cbaf09fe987ec45562d7bb015f40de594ad0b70da4fabc4dbb9bd1c12d6d5311,true,unique relocation-aware instruction identity with TH06; unique relocation-aware instruction identity with TH08; TH06/TH08 semantic names agree
0x0048870A,114,0x00465E49,FUN_00465e49,0x004AEE9D,FUN_004aee9d,false,5de7507f3e324d6ee17346fa2917b0c7938b6d3d5a796f78471d12d8ff19482e,false,unique relocation-aware instruction identity with TH06; unique relocation-aware instruction identity with TH08
0x00488785,146,0x00465EC4,__abstract_cw,0x004AEF18,__abstract_cw,true,abf517e21834134fe38078e74952f1ad8aa458be7742422c7b3b8faa86a53e90,true,unique relocation-aware instruction identity with TH06; unique relocation-aware instruction identity with TH08; TH06/TH08 semantic names agree
0x00488817,142,0x00465F56,__hw_cw,0x004AEFAA,__hw_cw,true,3e84d8f56c32e97a4bb9d4801dbef70a8b6f47523290f5a5fa5dbaf54abb2a32,true,unique relocation-aware instruction identity with TH06; unique relocation-aware instruction identity with TH08; TH06/TH08 semantic names agree
0x004888A5,50,0x00465FE4,__control87,0x004AF038,__control87,true,c6169e02551114ef2a0a0769f1fa7efece6a5a2f9a2e218bd7c0a664173a00eb,true,unique relocation-aware instruction identity with TH06; unique relocation-aware instruction identity with TH08; TH06/TH08 semantic names agree
0x004888D7,22,0x00466016,__controlfp,0x004AF06A,__controlfp,true,66bdf532bb10c0c0b5c2acc877029e15466b895ef6ba546365dff34fd394200e,true,unique relocation-aware instruction identity with TH06; unique relocation-aware instruction identity with TH08; TH06/TH08 semantic names agree
0x004888ED,254,0x0046647F,FUN_0046647f,0x004AF6E5,FUN_004af6e5,false,14c01522d746d9efc53b55282881c815b56e45bfe13009bf33ab905169e33aa6,false,unique relocation-aware instruction identity with TH06; unique relocation-aware instruction identity with TH08
0x004889EB,3,0x004671A5,FUN_004671a5,0x0049AE16,FUN_0049ae16,false,636b744fe404d01f9d4a22a5dd3f29eb21037f76cfaa3f277eccbd5f6ff2e74c,true,unique relocation-aware instruction identity with TH06; unique relocation-aware instruction identity with TH08
0x004889EE,19,0x00467EAB,FUN_00467eab,0x004B0F25,FUN_004b0f25,false,99f3d338336cbef12dd7dd33a8a1b1edbf640e37f74a4c1e7c89114d1a59422e,true,unique relocation-aware instruction identity with TH06; unique relocation-aware instruction identity with TH08
0x0048941C,178,0x0046123C,FUN_0046123c,0x004A9A8C,FUN_004a9a8c,false,4d968fd03adf5de59fe50cdfe842de6273e4186c370d8d8ca46ec1e1c6d9439b,false,unique relocation-aware instruction identity with TH06; unique relocation-aware instruction identity with TH08
0x0048979B,70,0x00463AA6,FUN_00463aa6,0x004AAA6C,FUN_004aaa6c,false,23fc7b15b65a736fe5ab106dc0ee3e55025771c17dd45072c4c0b1ee9205a296,false,unique relocation-aware instruction identity with TH06; unique relocation-aware instruction identity with TH08
0x00489839,24,0x00467175,_ValidateExecute,0x004B05A5,_ValidateExecute,true,73ce48e9c445cc4935989f054c935679f54eb0b39e63ec8acc3ad990f7b42cca,false,unique relocation-aware instruction identity with TH06; unique relocation-aware instruction identity with TH08; TH06/TH08 semantic names agree
0x00489AC4,93,0x00462C07,__flush,0x004B1BDE,FUN_004b1bde,false,a995e5ba50b3eba826d45337acb57df6260c9f5b55e319a41a53198623bba8f2,false,unique relocation-aware instruction identity with TH06; unique relocation-aware instruction identity with TH08
0x00489B21,46,0x00462C64,__fflush_lk,0x004B1C3B,FUN_004b1c3b,false,a9787f6cbd97ec7ed1d812c3ff751aa7b15311f3035c80f065e7a1c6ce8ff4e8,false,unique relocation-aware instruction identity with TH06; unique relocation-aware instruction identity with TH08
0x00489C24,9,0x0046384D,FUN_0046384d,,,false,8089edf19e2f012590bb4221ba23a1d406994e2528af371659df16c4f82792cc,false,unique relocation-aware instruction identity with TH06
0x00489C2D,73,0x004688F1,FUN_004688f1,0x004B1D47,FUN_004b1d47,false,58fb6cf4850726a5705bba8013fcb5cd248559aa0b1dd4291b7d3dc9bd0d61d3,false,unique relocation-aware instruction identity with TH06; unique relocation-aware instruction identity with TH08
0x00489E45,105,,,0x004B1F5F,__stricmp,false,40639ba135eda72058d794e47cfb771d80bc98cd41bde153e2e1969f7e479bb2,false,unique relocation-aware instruction identity with TH08
0x0048A126,78,,,0x004B1FC8,__mbsnbicoll,false,62bd63f15cd222d6317cd127b69db399fafa29df53bb19b6618b031f1a30061b,false,unique relocation-aware instruction identity with TH08
0x0048A174,107,,,0x004B2016,FUN_004b2016,false,c47cc3d0bb84469928265234d259c8913f0c90e4511d0860a250b85ba12aa00a,false,unique relocation-aware instruction identity with TH08
0x0048A1DF,46,0x0046874A,_siglookup,0x004B17C4,_siglookup,true,549c5732b414b5be65900a1cde1a70f8d0b6cbc72f388c391ed000a2e984579a,false,unique relocation-aware instruction identity with TH06; unique relocation-aware instruction identity with TH08; TH06/TH08 semantic names agree
0x0048A386,33,0x00467EBE,___addl,0x004B0F38,___addl,true,fb44c7136a271ce71eaa593c43650137bbc7ba24b91bb9814d40d75c29e6e08d,true,unique relocation-aware instruction identity with TH06; unique relocation-aware instruction identity with TH08; TH06/TH08 semantic names agree
0x0048A3A7,94,0x00467EDF,___add_12,0x004B0F59,___add_12,true,930ce939e0f407c7d20772bda40ec88dcd0facaccb69353302dc77684e841cd6,true,unique relocation-aware instruction identity with TH06; unique relocation-aware instruction identity with TH08; TH06/TH08 semantic names agree
0x0048A405,46,0x00467F3D,___shl_12,0x004B0FB7,___shl_12,true,959b8ec4a43e5cb90b8eb9a6c7981422d3d78dd248ffed1c356e20d670269784,true,unique relocation-aware instruction identity with TH06; unique relocation-aware instruction identity with TH08; TH06/TH08 semantic names agree
0x0048A433,45,0x00467F6B,___shr_12,0x004B0FE5,___shr_12,true,67925ffbf7894d52857cbf2c5a7f04424e0f46810e8739833c39baa8c804e859,true,unique relocation-aware instruction identity with TH06; unique relocation-aware instruction identity with TH08; TH06/TH08 semantic names agree
0x0048A460,228,0x00467F98,FUN_00467f98,0x004B1012,FUN_004b1012,false,db4fd6f3c849b90a4145ae25b8b6684f654c52f15c8100d763b5b8efe7dbf97d,false,unique relocation-aware instruction identity with TH06; unique relocation-aware instruction identity with TH08
0x0048A97E,660,0x004684B6,FUN_004684b6,0x004B1530,FUN_004b1530,false,c979660d35c5211ab644f10b3c439ae384d36975728e5f35865e3d702b13fb06,false,unique relocation-aware instruction identity with TH06; unique relocation-aware instruction identity with TH08
0x0048AC12,76,0x0045C562,__fclose_lk,0x004B25BD,FUN_004b25bd,false,a4ea03d3e64b9d976eaa2f0d64bcff6e8f5ec7f389e369b6367c4943f9b7c0a6,false,unique relocation-aware instruction identity with TH06; unique relocation-aware instruction identity with TH08
0x0048AD70,97,0x00468F60,___ascii_strnicmp,0x004B2720,___ascii_strnicmp,true,bf735b91ce8c531477000942622a7b995bc141a8cb74fd8ca22a179707dc4114,true,unique relocation-aware instruction identity with TH06; unique relocation-aware instruction identity with TH08; TH06/TH08 semantic names agree
0x0048ADD1,28,,,0x004B2781,_strncnt,false,4d618d92c09fbb43710d16b7e97cfe86d15c61e54190c05bb70f9b39a5c0cb5b,true,unique relocation-aware instruction identity with TH08
0x0048B177,77,,,0x004B2B27,_findenv,false,02ba1e4052e495da162d7b7627a096cf15d479bd0202bde0992e70a5566ef865,false,unique relocation-aware instruction identity with TH08
0x0048B1C4,97,,,0x004B2B74,_copy_environ,false,52152dfe9810d16c23a1bbf139d27739fa61bc2e36d83184c7e68f90d1780f26,false,unique relocation-aware instruction identity with TH08
0x0048B225,437,,,0x004B2BD5,FUN_004b2bd5,false,cff5346879f126d23701723ec7d0f511e651bf6aa177f17a6008b1f2e204691f,false,unique relocation-aware instruction identity with TH08
0x0048B3DA,568,0x00468C99,FUN_00468c99,0x004B22F9,FUN_004b22f9,false,0a48879d6acd0e651659f98ce94f255ab044282d83061098da819ec31b859e35,false,unique relocation-aware instruction identity with TH06; unique relocation-aware instruction identity with TH08
0x0048B612,140,0x00468ED1,FUN_00468ed1,0x004B2531,FUN_004b2531,false,48087ebb0dcb5e3c2392362e73e9e8bb84d804e90c0d7f165a42399077ae757c,false,unique relocation-aware instruction identity with TH06; unique relocation-aware instruction identity with TH08
0x0048B7BC,43,0x00462BDC,__freebuf,0x004B2EA8,FUN_004b2ea8,false,53f28a32a960a4d1d61ecbc63ad470299597b814d9a4f8bc0a8199e6e9e23a51,false,unique relocation-aware instruction identity with TH06; unique relocation-aware instruction identity with TH08
0x0048B7E7,43,,,0x004B2ED3,__strdup,false,9ac085a753e5be3b63c95ece374e28d3e28c77ea015a0a4011fb5135a19fe990,false,unique relocation-aware instruction identity with TH08
0x0048B812,123,,,0x004B2EFE,__mbschr,false,af31cb3b392cb1609dc7c75d18e64a8a8b9287655255df516904542d9b93af58,false,unique relocation-aware instruction identity with TH08
0x0048B8A0,117,0x0045BA78,__ftol2,0x004A3E70,__ftol2,true,1be93043de1265ff1cd0cf1762c53cf8efa171297cec287e17461886db51be46,true,unique relocation-aware instruction identity with TH06; unique relocation-aware instruction identity with TH08; TH06/TH08 semantic names agree
0x0048B93D,149,0x0045C4CD,start,0x004A412D,FUN_004a412d,false,2859a8ea4c6d043e9fc6eb5f06939d925bb79874794d0b1441369ed095d43ba6,false,unique relocation-aware instruction identity with TH06; unique relocation-aware instruction identity with TH08
0x0048BA20,79,,,0x004A5F30,FUN_004a5f30,false,54bdd9b248f2bb639b7e5b42b7f707a339820f9dbbe54148c89a7fac2838816f,false,unique relocation-aware instruction identity with TH08
0x0048BB5D,145,0x0045BCFD,start,0x004A3FBD,FUN_004a3fbd,false,bbc63e96bf3978fb8a6a598b259adcce5709756fb09059529a66b2d8aed65a83,false,unique relocation-aware instruction identity with TH06; unique relocation-aware instruction identity with TH08
0x0048BC0D,145,0x0045BDAD,start,0x004A3F0D,FUN_004a3f0d,false,cbd4e0dec169384bcd790a2570195f6f4b05a54b60c24da9145eb54f4b0b12c7,false,unique relocation-aware instruction identity with TH06; unique relocation-aware instruction identity with TH08
0x0048BCDD,157,0x0045BC3D,FUN_0045bc3d,0x004A406D,FUN_004a406d,false,0683d007d98b0b9825c08620e17a2145bd9b4c7c0f32f649976ad1ac1ff05c24,false,unique relocation-aware instruction identity with TH06; unique relocation-aware instruction identity with TH08
0x0048BD80,24,,,0x004ABFA0,FUN_004abfa0,false,f986b898fbe4f518457c232e3ab00f294c15bb8d0675dc188a7cb81c3a9212cd,true,unique relocation-aware instruction identity with TH08
0x0048C070,62,0x004605B0,__cintrindisp2,0x004A8E00,__cintrindisp2,true,a700edc4961c23e562e7e1a9fc077d545b38316e2053b1b5d2cc567ba642add3,false,unique relocation-aware instruction identity with TH06; unique relocation-aware instruction identity with TH08; TH06/TH08 semantic names agree
0x0048C0AE,61,0x004605EE,__cintrindisp1,0x004A8E3E,__cintrindisp1,true,83b24c72d4aa60d9cc5caefba318bc2e442efbab35203dd98d29870b71248385,false,unique relocation-aware instruction identity with TH06; unique relocation-aware instruction identity with TH08; TH06/TH08 semantic names agree
0x0048C0EB,72,0x0046062B,__ctrandisp2,0x004A8E7B,__ctrandisp2,true,033bebf6a391cbee8e54aa490248020f3c0fb8686a17a4cd693c929e39429e7c,false,unique relocation-aware instruction identity with TH06; unique relocation-aware instruction identity with TH08; TH06/TH08 semantic names agree
0x0048C133,7,0x00460673,FUN_00460673,0x004A8EC3,FUN_004a8ec3,false,acba1cc5bcb9243657fd904d7d866c33de80b8453dba0a1f8ee9ccedc9441969,true,unique relocation-aware instruction identity with TH06; unique relocation-aware instruction identity with TH08
0x0048C13A,327,0x0046067A,cintrinexit,0x004A8ECA,FUN_004a8eca,false,e2ba00a80554162c15d7ef156ba468f39f6308b50945b5701857c0d6893ac13f,false,unique relocation-aware instruction identity with TH06; unique relocation-aware instruction identity with TH08
0x0048C281,51,0x004607C1,__ctrandisp1,0x004A9011,__ctrandisp1,true,6ab1229ff287cda1f6e3874cacd65b440b68b547b055f53323bfe66b8fbec17e,false,unique relocation-aware instruction identity with TH06; unique relocation-aware instruction identity with TH08; TH06/TH08 semantic names agree
0x0048C2B4,60,0x004607F4,__fload,0x004A9044,__fload,true,069584217275306bbdd03c2836c674010c1ed0f70d1dc75ba9fcbc0ed91be980,true,unique relocation-aware instruction identity with TH06; unique relocation-aware instruction identity with TH08; TH06/TH08 semantic names agree
0x0048C32B,1,,,0x004818A0,FUN_004818a0,false,d77cdcb9086369e1ca2beab40e71c95616cdcb15e941f2eec0d4b8e7d997691b,true,unique relocation-aware instruction identity with TH08
0x0048C35C,9,0x0046056C,FUN_0046056c,0x004A8DBC,FUN_004a8dbc,false,43d0d941c10d4917b4b020ff4afbf12cd8f993ac5f4487d555f550407569177b,false,unique relocation-aware instruction identity with TH06; unique relocation-aware instruction identity with TH08
0x0048C375,1,,,0x004818A0,FUN_004818a0,false,d77cdcb9086369e1ca2beab40e71c95616cdcb15e941f2eec0d4b8e7d997691b,true,unique relocation-aware instruction identity with TH08
0x0048CD20,24,,,0x004B3B60,FUN_004b3b60,false,2a503b7bdf3564bacd7274f35a154903f35ac142ddc3b6c845266986785f5e91,false,unique relocation-aware instruction identity with TH08
