address,size,span_end,current_name,proposed_name,module,status,match_percent,calling_convention,signature,is_thunk,source_file,evidence,owner,notes
0x00401000,173,0x004010AC,sub_401000,,,unclassified,0.00,unknown,,false,,,,
0x004010B0,52,0x004010E3,sub_4010B0,,,unclassified,0.00,unknown,,false,,,,
0x004010F0,124,0x0040116B,sub_4010F0,,,unclassified,0.00,unknown,,false,,,,
0x00401170,50,0x004011A1,sub_401170,,,unclassified,0.00,unknown,,false,,,,
0x004011B0,251,0x004012AA,sub_4011B0,,,unclassified,0.00,unknown,,false,,,,
0x004012B0,212,0x00401383,sub_4012B0,,,unclassified,0.00,unknown,,false,,,,
0x00401390,107,0x004013FA,sub_401390,,,unclassified,0.00,unknown,,false,,,,
0x00401400,155,0x0040149A,sub_401400,,,unclassified,0.00,unknown,,false,,,,
0x004014A0,496,0x0040168F,sub_4014A0,,,unclassified,0.00,unknown,,false,,,,
0x00401690,143,0x0040171E,sub_401690,,,unclassified,0.00,unknown,,false,,,,
0x00401720,143,0x004017AE,sub_401720,,,unclassified,0.00,unknown,,false,,,,
0x004017B0,40,0x004017D7,sub_4017B0,,,unclassified,0.00,unknown,,false,,,,
0x004017E0,391,0x00401966,sub_4017E0,,,unclassified,0.00,unknown,,false,,,,
0x00401970,99,0x004019D2,sub_401970,,,unclassified,0.00,unknown,,false,,,,
0x004019E0,24,0x004019F7,sub_4019E0,,,unclassified,0.00,unknown,,false,,,,
0x00401A00,407,0x00401B96,sub_401A00,,,unclassified,0.00,unknown,,false,,,,
0x00401BA0,456,0x00401D67,sub_401BA0,,,unclassified,0.00,unknown,,false,,,,
0x00401D70,104,0x00401DD7,sub_401D70,,,unclassified,0.00,unknown,,false,,,,
0x00401DE0,65,0x00401E20,sub_401DE0,,,unclassified,0.00,unknown,,false,,,,
0x00401E30,213,0x00401F04,sub_401E30,,,unclassified,0.00,unknown,,false,,,,
0x00401F10,35,0x00401F32,sub_401F10,,,unclassified,0.00,unknown,,false,,,,
0x00401F40,277,0x00402054,sub_401F40,,,unclassified,0.00,unknown,,false,,,,
0x00402060,68,0x004020A3,sub_402060,,,unclassified,0.00,unknown,,false,,,,
0x004020B0,1082,0x004024E9,sub_4020B0,,,unclassified,0.00,unknown,,false,,,,
0x004024F0,320,0x0040262F,sub_4024F0,,,unclassified,0.00,unknown,,false,,,,
0x00402630,322,0x00402771,sub_402630,,,unclassified,0.00,unknown,,false,,,,
0x00402780,4709,0x004039E4,sub_402780,,,unclassified,0.00,unknown,,false,,,,
0x00403A20,310,0x00403B55,sub_403A20,,,unclassified,0.00,unknown,,false,,,,
0x00403B60,2528,0x0040453F,sub_403B60,,,unclassified,0.00,unknown,,false,,,,
0x00404560,298,0x00404689,sub_404560,,,unclassified,0.00,unknown,,false,,,,
0x00404690,2010,0x00404E69,sub_404690,,,unclassified,0.00,unknown,,false,,,,
0x00404E70,62,0x00404EAD,sub_404E70,,,unclassified,0.00,unknown,,false,,,,
0x00404EB0,124,0x00404F2B,sub_404EB0,,,unclassified,0.00,unknown,,false,,,,
0x00404F30,169,0x00404FD8,sub_404F30,,,unclassified,0.00,unknown,,false,,,,
0x00404FE0,145,0x00405070,sub_404FE0,,,unclassified,0.00,unknown,,false,,,,
0x00405080,585,0x004052C8,sub_405080,,,unclassified,0.00,unknown,,false,,,,
0x004052D0,152,0x00405367,sub_4052D0,,,unclassified,0.00,unknown,,false,,,,
0x00405370,775,0x00405676,sub_405370,,,unclassified,0.00,unknown,,false,,,,
0x00405690,4611,0x00406892,sub_405690,,,unclassified,0.00,unknown,,false,,,,
0x00406930,157,0x004069CC,sub_406930,,,unclassified,0.00,unknown,,false,,,,
0x004069D0,1035,0x00406DDA,sub_4069D0,,,unclassified,0.00,unknown,,false,,,,
0x00406DE0,542,0x00406FFD,sub_406DE0,,,unclassified,0.00,unknown,,false,,,,
0x00407000,1001,0x004073E8,sub_407000,,,unclassified,0.00,unknown,,false,,,,
0x00407410,166,0x004074B5,sub_407410,,,unclassified,0.00,unknown,,false,,,,
0x004074C0,270,0x004075CD,sub_4074C0,,,unclassified,0.00,unknown,,false,,,,
0x004075D0,50,0x00407601,sub_4075D0,,,unclassified,0.00,unknown,,false,,,,
0x00407610,474,0x004077E9,sub_407610,,,unclassified,0.00,unknown,,false,,,,
0x004077F0,263,0x004078F6,sub_4077F0,,,unclassified,0.00,unknown,,false,,,,
0x00407900,2167,0x00408176,sub_407900,,,unclassified,0.00,unknown,,false,,,,
0x00408180,304,0x004082AF,sub_408180,,,unclassified,0.00,unknown,,false,,,,
0x004082B0,315,0x004083EA,sub_4082B0,,,unclassified,0.00,unknown,,false,,,,
0x004083F0,243,0x004084E2,sub_4083F0,,,unclassified,0.00,unknown,,false,,,,
0x004084F0,286,0x0040860D,sub_4084F0,,,unclassified,0.00,unknown,,false,,,,
0x00408610,234,0x004086F9,sub_408610,,,unclassified,0.00,unknown,,false,,,,
0x00408710,1780,0x00408E03,sub_408710,,,unclassified,0.00,unknown,,false,,,,
0x00408E10,921,0x004091A8,sub_408E10,,,unclassified,0.00,unknown,,false,,,,
0x004091B0,2013,0x0040998C,sub_4091B0,,,unclassified,0.00,unknown,,false,,,,
0x00409990,1079,0x00409DC6,sub_409990,,,unclassified,0.00,unknown,,false,,,,
0x00409DD0,1194,0x0040A279,sub_409DD0,,,unclassified,0.00,unknown,,false,,,,
0x0040A280,273,0x0040A390,sub_40A280,,,unclassified,0.00,unknown,,false,,,,
0x0040A3A0,777,0x0040A6A8,sub_40A3A0,,,unclassified,0.00,unknown,,false,,,,
0x0040A6B0,262,0x0040A7B5,sub_40A6B0,,,unclassified,0.00,unknown,,false,,,,
0x0040A7C0,979,0x0040AB92,sub_40A7C0,,,unclassified,0.00,unknown,,false,,,,
0x0040ABA0,870,0x0040AF05,sub_40ABA0,,,unclassified,0.00,unknown,,false,,,,
0x0040AF10,1714,0x0040B5C1,sub_40AF10,,,unclassified,0.00,unknown,,false,,,,
0x0040B5D0,505,0x0040B7C8,sub_40B5D0,,,unclassified,0.00,unknown,,false,,,,
0x0040B7D0,1229,0x0040BC9C,sub_40B7D0,,,unclassified,0.00,unknown,,false,,,,
0x0040BCA0,372,0x0040BE13,sub_40BCA0,,,unclassified,0.00,unknown,,false,,,,
0x0040BE20,830,0x0040C15D,sub_40BE20,,,unclassified,0.00,unknown,,false,,,,
0x0040C160,369,0x0040C2D0,sub_40C160,,,unclassified,0.00,unknown,,false,,,,
0x0040C2E0,1668,0x0040C963,sub_40C2E0,,,unclassified,0.00,unknown,,false,,,,
0x0040C970,213,0x0040CA44,sub_40C970,,,unclassified,0.00,unknown,,false,,,,
0x0040CA50,2390,0x0040D3A5,sub_40CA50,,,unclassified,0.00,unknown,,false,,,,
0x0040D3B0,260,0x0040D4B3,sub_40D3B0,,,unclassified,0.00,unknown,,false,,,,
0x0040D4C0,1242,0x0040D999,sub_40D4C0,,,unclassified,0.00,unknown,,false,,,,
0x0040D9A0,216,0x0040DA77,sub_40D9A0,,,unclassified,0.00,unknown,,false,,,,
0x0040DA80,2048,0x0040E27F,sub_40DA80,,,unclassified,0.00,unknown,,false,,,,
0x0040E280,406,0x0040E415,sub_40E280,,,unclassified,0.00,unknown,,false,,,,
0x0040E420,197,0x0040E4E4,sub_40E420,,,unclassified,0.00,unknown,,false,,,,
0x0040E4F0,50,0x0040E521,sub_40E4F0,,,unclassified,0.00,unknown,,false,,,,
0x0040E530,128,0x0040E5AF,sub_40E530,,,unclassified,0.00,unknown,,false,,,,
0x0040E5B0,1310,0x0040EACD,sub_40E5B0,,,unclassified,0.00,unknown,,false,,,,
0x0040EC00,325,0x0040ED44,sub_40EC00,,,unclassified,0.00,unknown,,false,,,,
0x0040EDF0,1178,0x0040F289,sub_40EDF0,,,unclassified,0.00,unknown,,false,,,,
0x0040F3C0,528,0x0040F5CF,sub_40F3C0,,,unclassified,0.00,unknown,,false,,,,
0x0040F6B0,575,0x0040F8EE,sub_40F6B0,,,unclassified,0.00,unknown,,false,,,,
0x0040F8F0,566,0x0040FB25,sub_40F8F0,,,unclassified,0.00,unknown,,false,,,,
0x0040FB30,89,0x0040FB88,sub_40FB30,,,unclassified,0.00,unknown,,false,,,,
0x0040FB90,256,0x0040FC8F,sub_40FB90,,,unclassified,0.00,unknown,,false,,,,
0x0040FC90,1285,0x00410194,sub_40FC90,,,unclassified,0.00,unknown,,false,,,,
0x004101A0,889,0x00410518,sub_4101A0,,,unclassified,0.00,unknown,,false,,,,
0x00410520,29464,0x00417837,sub_410520,,,unclassified,0.00,unknown,,false,,,,
0x00417AF0,33,0x00417B10,sub_417AF0,,,unclassified,0.00,unknown,,false,,,,
0x00417B20,107,0x00417B8A,sub_417B20,,,unclassified,0.00,unknown,,false,,,,
0x00417B90,151,0x00417C26,sub_417B90,,,unclassified,0.00,unknown,,false,,,,
0x00417C30,533,0x00417E44,sub_417C30,,,unclassified,0.00,unknown,,false,,,,
0x00417E50,680,0x004180F7,sub_417E50,,,unclassified,0.00,unknown,,false,,,,
0x00418110,16,0x0041811F,sub_418110,,,unclassified,0.00,unknown,,false,,,,
0x00418120,311,0x00418256,sub_418120,,,unclassified,0.00,unknown,,false,,,,
0x00418260,106,0x004182C9,sub_418260,,,unclassified,0.00,unknown,,false,,,,
0x004182D0,766,0x004185CD,sub_4182D0,,,unclassified,0.00,unknown,,false,,,,
0x004185D0,679,0x00418876,sub_4185D0,,,unclassified,0.00,unknown,,false,,,,
0x00418880,703,0x00418B3E,sub_418880,,,unclassified,0.00,unknown,,false,,,,
0x00418B40,820,0x00418E73,sub_418B40,,,unclassified,0.00,unknown,,false,,,,
0x00418E80,42,0x00418EA9,sub_418E80,,,unclassified,0.00,unknown,,false,,,,
0x00418EB0,262,0x00418FB5,sub_418EB0,,,unclassified,0.00,unknown,,false,,,,
0x00418FC0,298,0x004190E9,sub_418FC0,,,unclassified,0.00,unknown,,false,,,,
0x004190F0,998,0x004194D5,sub_4190F0,,,unclassified,0.00,unknown,,false,,,,
0x004194E0,301,0x0041960C,sub_4194E0,,,unclassified,0.00,unknown,,false,,,,
0x00419610,197,0x004196D4,sub_419610,,,unclassified,0.00,unknown,,false,,,,
0x004196E0,41,0x00419708,sub_4196E0,,,unclassified,0.00,unknown,,false,,,,
0x00419710,354,0x00419871,sub_419710,,,unclassified,0.00,unknown,,false,,,,
0x00419880,312,0x004199B7,sub_419880,,,unclassified,0.00,unknown,,false,,,,
0x004199C0,144,0x00419A4F,sub_4199C0,,,unclassified,0.00,unknown,,false,,,,
0x00419A50,800,0x00419D6F,sub_419A50,,,unclassified,0.00,unknown,,false,,,,
0x00419D70,31,0x00419D8E,sub_419D70,,,unclassified,0.00,unknown,,false,,,,
0x00419D90,47,0x00419DBE,sub_419D90,,,unclassified,0.00,unknown,,false,,,,
0x00419DC0,546,0x00419FE1,sub_419DC0,,,unclassified,0.00,unknown,,false,,,,
0x00419FF0,542,0x0041A20D,sub_419FF0,,,unclassified,0.00,unknown,,false,,,,
0x0041A210,218,0x0041A2E9,sub_41A210,,,unclassified,0.00,unknown,,false,,,,
0x0041A2F0,91,0x0041A34A,sub_41A2F0,,,unclassified,0.00,unknown,,false,,,,
0x0041A350,25,0x0041A368,sub_41A350,,,unclassified,0.00,unknown,,false,,,,
0x0041ADF0,153,0x0041AE88,sub_41ADF0,,,unclassified,0.00,unknown,,false,,,,
0x0041AE90,86,0x0041AEE5,sub_41AE90,,,unclassified,0.00,unknown,,false,,,,
0x0041C1B0,16,0x0041C1BF,unknown_libname_1,,,unclassified,0.00,unknown,,false,,,,
0x0041C1C0,564,0x0041C3F3,sub_41C1C0,,,unclassified,0.00,unknown,,false,,,,
0x0041C400,521,0x0041C608,sub_41C400,,,unclassified,0.00,unknown,,false,,,,
0x0041C610,374,0x0041C785,sub_41C610,,,unclassified,0.00,unknown,,false,,,,
0x0041C790,625,0x0041CA00,sub_41C790,,,unclassified,0.00,unknown,,false,,,,
0x0041CA10,354,0x0041CB71,sub_41CA10,,,unclassified,0.00,unknown,,false,,,,
0x0041CB80,596,0x0041CDD3,sub_41CB80,,,unclassified,0.00,unknown,,false,,,,
0x0041CDE0,581,0x0041D024,sub_41CDE0,,,unclassified,0.00,unknown,,false,,,,
0x0041D050,65,0x0041D090,sub_41D050,,,unclassified,0.00,unknown,,false,,,,
0x0041D0A0,165,0x0041D144,sub_41D0A0,,,unclassified,0.00,unknown,,false,,,,
0x0041D150,35,0x0041D172,sub_41D150,,,unclassified,0.00,unknown,,false,,,,
0x0041D180,357,0x0041D2E4,sub_41D180,,,unclassified,0.00,unknown,,false,,,,
0x0041D2F0,141,0x0041D37C,sub_41D2F0,,,unclassified,0.00,unknown,,false,,,,
0x0041D380,131,0x0041D402,sub_41D380,,,unclassified,0.00,unknown,,false,,,,
0x0041D410,115,0x0041D482,sub_41D410,,,unclassified,0.00,unknown,,false,,,,
0x0041D490,591,0x0041D6DE,sub_41D490,,,unclassified,0.00,unknown,,false,,,,
0x0041D700,3268,0x0041E3C3,sub_41D700,,,unclassified,0.00,unknown,,false,,,,
0x0041E4B0,216,0x0041E587,sub_41E4B0,,,unclassified,0.00,unknown,,false,,,,
0x0041E590,508,0x0041E78B,sub_41E590,,,unclassified,0.00,unknown,,false,,,,
0x0041E790,137,0x0041E818,sub_41E790,,,unclassified,0.00,unknown,,false,,,,
0x0041E820,245,0x0041E914,sub_41E820,,,unclassified,0.00,unknown,,false,,,,
0x0041E920,312,0x0041EA57,sub_41E920,,,unclassified,0.00,unknown,,false,,,,
0x0041EA60,1037,0x0041EE6C,sub_41EA60,,,unclassified,0.00,unknown,,false,,,,
0x0041EE70,256,0x0041EF6F,sub_41EE70,,,unclassified,0.00,unknown,,false,,,,
0x0041EF70,684,0x0041F21B,sub_41EF70,,,unclassified,0.00,unknown,,false,,,,
0x0041F220,185,0x0041F2D8,sub_41F220,,,unclassified,0.00,unknown,,false,,,,
0x0041F2E0,327,0x0041F426,sub_41F2E0,,,unclassified,0.00,unknown,,false,,,,
0x0041F430,332,0x0041F57B,sub_41F430,,,unclassified,0.00,unknown,,false,,,,
0x0041F580,240,0x0041F66F,sub_41F580,,,unclassified,0.00,unknown,,false,,,,
0x0041F670,115,0x0041F6E2,sub_41F670,,,unclassified,0.00,unknown,,false,,,,
0x0041F6F0,1599,0x0041FD2E,sub_41F6F0,,,unclassified,0.00,unknown,,false,,,,
0x0041FD70,516,0x0041FF73,sub_41FD70,,,unclassified,0.00,unknown,,false,,,,
0x0041FF80,847,0x004202CE,sub_41FF80,,,unclassified,0.00,unknown,,false,,,,
0x004202D0,210,0x004203A1,sub_4202D0,,,unclassified,0.00,unknown,,false,,,,
0x004203B0,213,0x00420484,sub_4203B0,,,unclassified,0.00,unknown,,false,,,,
0x00420490,386,0x00420611,sub_420490,,,unclassified,0.00,unknown,,false,,,,
0x00420620,6840,0x004220D7,sub_420620,,,unclassified,0.00,unknown,,false,,,,
0x004220F0,114,0x00422161,sub_4220F0,,,unclassified,0.00,unknown,,false,,,,
0x00422170,2863,0x00422C9E,sub_422170,,,unclassified,0.00,unknown,,false,,,,
0x00422CA0,23,0x00422CB6,sub_422CA0,,,unclassified,0.00,unknown,,false,,,,
0x00422CC0,26,0x00422CD9,sub_422CC0,,,unclassified,0.00,unknown,,false,,,,
0x00422CE0,394,0x00422E69,sub_422CE0,,,unclassified,0.00,unknown,,false,,,,
0x00422E70,193,0x00422F30,sub_422E70,,,unclassified,0.00,unknown,,false,,,,
0x00422F40,267,0x0042304A,sub_422F40,,,unclassified,0.00,unknown,,false,,,,
0x00423050,50,0x00423081,sub_423050,,,unclassified,0.00,unknown,,false,,,,
0x00423090,522,0x00423299,sub_423090,,,unclassified,0.00,unknown,,false,,,,
0x004232A0,64,0x004232DF,sub_4232A0,,,unclassified,0.00,unknown,,false,,,,
0x004232E0,67,0x00423322,sub_4232E0,,,unclassified,0.00,unknown,,false,,,,
0x00423330,236,0x0042341B,sub_423330,,,unclassified,0.00,unknown,,false,,,,
0x00423420,225,0x00423500,sub_423420,,,unclassified,0.00,unknown,,false,,,,
0x00423510,186,0x004235C9,sub_423510,,,unclassified,0.00,unknown,,false,,,,
0x004235D0,134,0x00423655,sub_4235D0,,,unclassified,0.00,unknown,,false,,,,
0x00423660,204,0x0042372B,sub_423660,,,unclassified,0.00,unknown,,false,,,,
0x00423730,2875,0x0042426A,sub_423730,,,unclassified,0.00,unknown,,false,,,,
0x00424290,1113,0x004246E8,sub_424290,,,unclassified,0.00,unknown,,false,,,,
0x00424740,600,0x00424997,sub_424740,,,unclassified,0.00,unknown,,false,,,,
0x004249A0,600,0x00424BF7,sub_4249A0,,,unclassified,0.00,unknown,,false,,,,
0x00424C00,275,0x00424D12,sub_424C00,,,unclassified,0.00,unknown,,false,,,,
0x00424D20,223,0x00424DFE,sub_424D20,,,unclassified,0.00,unknown,,false,,,,
0x00424E00,712,0x004250C7,sub_424E00,,,unclassified,0.00,unknown,,false,,,,
0x004250D0,195,0x00425192,sub_4250D0,,,unclassified,0.00,unknown,,false,,,,
0x004251A0,356,0x00425303,sub_4251A0,,,unclassified,0.00,unknown,,false,,,,
0x00425310,231,0x004253F6,sub_425310,,,unclassified,0.00,unknown,,false,,,,
0x00425400,378,0x00425579,sub_425400,,,unclassified,0.00,unknown,,false,,,,
0x00425580,372,0x004256F3,sub_425580,,,unclassified,0.00,unknown,,false,,,,
0x00425700,403,0x00425892,sub_425700,,,unclassified,0.00,unknown,,false,,,,
0x004258A0,425,0x00425A48,sub_4258A0,,,unclassified,0.00,unknown,,false,,,,
0x00425A50,4237,0x00426ADC,sub_425A50,,,unclassified,0.00,unknown,,false,,,,
0x00426B00,289,0x00426C20,sub_426B00,,,unclassified,0.00,unknown,,false,,,,
0x00426C40,796,0x00426F5B,sub_426C40,,,unclassified,0.00,unknown,,false,,,,
0x00426F60,1703,0x00427606,sub_426F60,,,unclassified,0.00,unknown,,false,,,,
0x00427620,116,0x00427693,sub_427620,,,unclassified,0.00,unknown,,false,,,,
0x004276A0,192,0x0042775F,sub_4276A0,,,unclassified,0.00,unknown,,false,,,,
0x00427760,51,0x00427792,sub_427760,,,unclassified,0.00,unknown,,false,,,,
0x004277A0,266,0x004278A9,sub_4277A0,,,unclassified,0.00,unknown,,false,,,,
0x004278B0,91,0x0042790A,sub_4278B0,,,unclassified,0.00,unknown,,false,,,,
0x00427910,73,0x00427958,sub_427910,,,unclassified,0.00,unknown,,false,,,,
0x00427960,62,0x0042799D,sub_427960,,,unclassified,0.00,unknown,,false,,,,
0x004279A0,62,0x004279DD,sub_4279A0,,,unclassified,0.00,unknown,,false,,,,
0x004279E0,62,0x00427A1D,sub_4279E0,,,unclassified,0.00,unknown,,false,,,,
0x00427A20,74,0x00427A69,sub_427A20,,,unclassified,0.00,unknown,,false,,,,
0x00427A70,62,0x00427AAD,sub_427A70,,,unclassified,0.00,unknown,,false,,,,
0x00427AB0,48,0x00427ADF,sub_427AB0,,,unclassified,0.00,unknown,,false,,,,
0x00427AE0,65,0x00427B20,sub_427AE0,,,unclassified,0.00,unknown,,false,,,,
0x00427B21,51,0x00427B53,sub_427B21,,,unclassified,0.00,unknown,,false,,,,
0x00427B54,78,0x00427BA1,sub_427B54,,,unclassified,0.00,unknown,,false,,,,
0x00427BA2,64,0x00427BE1,sub_427BA2,,,unclassified,0.00,unknown,,false,,,,
0x00427BE2,22,0x00427BF7,sub_427BE2,,,unclassified,0.00,unknown,,false,,,,
0x00427BF8,137,0x00427C80,sub_427BF8,,,unclassified,0.00,unknown,,false,,,,
0x00427C81,136,0x00427D08,sub_427C81,,,unclassified,0.00,unknown,,false,,,,
0x00427D09,137,0x00427D91,sub_427D09,,,unclassified,0.00,unknown,,false,,,,
0x00427D92,234,0x00427E7B,sub_427D92,,,unclassified,0.00,unknown,,false,,,,
0x00427E7C,166,0x00427F21,sub_427E7C,,,unclassified,0.00,unknown,,false,,,,
0x00427F22,1899,0x0042868C,sub_427F22,,,unclassified,0.00,unknown,,false,,,,
0x0042868D,506,0x00428886,sub_42868D,,,unclassified,0.00,unknown,,false,,,,
0x00428887,658,0x00428B18,sub_428887,,,unclassified,0.00,unknown,,false,,,,
0x00428B19,3580,0x00429914,sub_428B19,,,unclassified,0.00,unknown,,false,,,,
0x00429935,195,0x004299F7,sub_429935,,,unclassified,0.00,unknown,,false,,,,
0x004299F8,62,0x00429A35,sub_4299F8,,,unclassified,0.00,unknown,,false,,,,
0x00429A36,25,0x00429A4E,sub_429A36,,,unclassified,0.00,unknown,,false,,,,
0x00429A4F,467,0x00429C21,sub_429A4F,,,unclassified,0.00,unknown,,false,,,,
0x00429C42,3064,0x0042A839,sub_429C42,,,unclassified,0.00,unknown,,false,,,,
0x0042A876,1203,0x0042AD28,sub_42A876,,,unclassified,0.00,unknown,,false,,,,
0x0042AD29,61,0x0042AD65,sub_42AD29,,,unclassified,0.00,unknown,,false,,,,
0x0042AD66,69,0x0042ADAA,sub_42AD66,,,unclassified,0.00,unknown,,false,,,,
0x0042ADAB,2136,0x0042B602,sub_42ADAB,,,unclassified,0.00,unknown,,false,,,,
0x0042B603,3956,0x0042C576,sub_42B603,,,unclassified,0.00,unknown,,false,,,,
0x0042C577,2755,0x0042D039,sub_42C577,,,unclassified,0.00,unknown,,false,,,,
0x0042D03A,17,0x0042D04A,sub_42D03A,,,unclassified,0.00,unknown,,false,,,,
0x0042D04B,235,0x0042D135,sub_42D04B,,,unclassified,0.00,unknown,,false,,,,
0x0042D136,279,0x0042D24C,sub_42D136,,,unclassified,0.00,unknown,,false,,,,
0x0042D24D,536,0x0042D464,sub_42D24D,,,unclassified,0.00,unknown,,false,,,,
0x0042D465,216,0x0042D53C,sub_42D465,,,unclassified,0.00,unknown,,false,,,,
0x0042D53D,35,0x0042D55F,sub_42D53D,,,unclassified,0.00,unknown,,false,,,,
0x0042D560,109,0x0042D5CC,sub_42D560,,,unclassified,0.00,unknown,,false,,,,
0x0042D5CD,69,0x0042D611,sub_42D5CD,,,unclassified,0.00,unknown,,false,,,,
0x0042D612,69,0x0042D656,sub_42D612,,,unclassified,0.00,unknown,,false,,,,
0x0042D657,129,0x0042D6D7,sub_42D657,,,unclassified,0.00,unknown,,false,,,,
0x0042D6D8,130,0x0042D759,sub_42D6D8,,,unclassified,0.00,unknown,,false,,,,
0x0042D75A,100,0x0042D7BD,sub_42D75A,,,unclassified,0.00,unknown,,false,,,,
0x0042D7BE,124,0x0042D839,sub_42D7BE,,,unclassified,0.00,unknown,,false,,,,
0x0042D83A,155,0x0042D8D4,sub_42D83A,,,unclassified,0.00,unknown,,false,,,,
0x0042D8D5,2303,0x0042E1D3,sub_42D8D5,,,unclassified,0.00,unknown,,false,,,,
0x0042E1D4,36,0x0042E1F7,sub_42E1D4,,,unclassified,0.00,unknown,,false,,,,
0x0042E1F8,404,0x0042E38B,sub_42E1F8,,,unclassified,0.00,unknown,,false,,,,
0x0042E38C,78,0x0042E3D9,sub_42E38C,,,unclassified,0.00,unknown,,false,,,,
0x0042E3DA,602,0x0042E633,sub_42E3DA,,,unclassified,0.00,unknown,,false,,,,
0x0042E634,487,0x0042E81A,sub_42E634,,,unclassified,0.00,unknown,,false,,,,
0x0042E81B,35,0x0042E83D,sub_42E81B,,,unclassified,0.00,unknown,,false,,,,
0x0042E83E,2726,0x0042F2E3,sub_42E83E,,,unclassified,0.00,unknown,,false,,,,
0x0042F2E4,225,0x0042F3C4,sub_42F2E4,,,unclassified,0.00,unknown,,false,,,,
0x0042F3C5,152,0x0042F45C,sub_42F3C5,,,unclassified,0.00,unknown,,false,,,,
0x0042F45D,77,0x0042F4A9,sub_42F45D,,,unclassified,0.00,unknown,,false,,,,
0x0042F4AA,124,0x0042F525,sub_42F4AA,,,unclassified,0.00,unknown,,false,,,,
0x0042F526,124,0x0042F5A1,sub_42F526,,,unclassified,0.00,unknown,,false,,,,
0x0042F5A2,253,0x0042F69E,sub_42F5A2,,,unclassified,0.00,unknown,,false,,,,
0x0042F69F,151,0x0042F735,sub_42F69F,,,unclassified,0.00,unknown,,false,,,,
0x0042F736,83,0x0042F788,sub_42F736,,,unclassified,0.00,unknown,,false,,,,
0x0042F789,86,0x0042F7DE,sub_42F789,,,unclassified,0.00,unknown,,false,,,,
0x0042F7DF,116,0x0042F852,sub_42F7DF,,,unclassified,0.00,unknown,,false,,,,
0x0042F853,139,0x0042F8DD,sub_42F853,,,unclassified,0.00,unknown,,false,,,,
0x0042F8DE,110,0x0042F94B,sub_42F8DE,,,unclassified,0.00,unknown,,false,,,,
0x0042F94C,261,0x0042FA50,sub_42F94C,,,unclassified,0.00,unknown,,false,,,,
0x0042FA60,75,0x0042FAAA,sub_42FA60,,,unclassified,0.00,unknown,,false,,,,
0x0042FAB0,99,0x0042FB12,sub_42FAB0,,,unclassified,0.00,unknown,,false,,,,
0x0042FB20,82,0x0042FB71,sub_42FB20,,,unclassified,0.00,unknown,,false,,,,
0x0042FB80,78,0x0042FBCD,sub_42FB80,,,unclassified,0.00,unknown,,false,,,,
0x0042FBD0,197,0x0042FC94,sub_42FBD0,,,unclassified,0.00,unknown,,false,,,,
0x0042FCA0,184,0x0042FD57,sub_42FCA0,,,unclassified,0.00,unknown,,false,,,,
0x0042FD60,153,0x0042FDF8,sub_42FD60,,,unclassified,0.00,unknown,,false,,,,
0x0042FE20,154,0x0042FEB9,sub_42FE20,,,unclassified,0.00,unknown,,false,,,,
0x0042FEE0,383,0x0043005E,sub_42FEE0,,,unclassified,0.00,unknown,,false,,,,
0x00430060,38,0x00430085,sub_430060,,,unclassified,0.00,unknown,,false,,,,
0x00430090,161,0x00430130,sub_430090,,,unclassified,0.00,unknown,,false,,,,
0x00430140,325,0x00430284,sub_430140,,,unclassified,0.00,unknown,,false,,,,
0x00430290,85,0x004302E4,sub_430290,,,unclassified,0.00,unknown,,false,,,,
0x004302F0,122,0x00430369,sub_4302F0,,,unclassified,0.00,unknown,,false,,,,
0x00430370,115,0x004303E2,sub_430370,,,unclassified,0.00,unknown,,false,,,,
0x004303F0,1488,0x004309BF,sub_4303F0,,,unclassified,0.00,unknown,,false,,,,
0x004309C0,392,0x00430B47,sub_4309C0,,,unclassified,0.00,unknown,,false,,,,
0x00430B50,1904,0x004312BF,sub_430B50,,,unclassified,0.00,unknown,,false,,,,
0x004312C0,110,0x0043132D,sub_4312C0,,,unclassified,0.00,unknown,,false,,,,
0x00431330,434,0x004314E1,sub_431330,,,unclassified,0.00,unknown,,false,,,,
0x004314F0,69,0x00431534,sub_4314F0,,,unclassified,0.00,unknown,,false,,,,
0x00431540,172,0x004315EB,sub_431540,,,unclassified,0.00,unknown,,false,,,,
0x004315F0,313,0x00431728,sub_4315F0,,,unclassified,0.00,unknown,,false,,,,
0x00431730,319,0x0043186E,sub_431730,,,unclassified,0.00,unknown,,false,,,,
0x00431870,88,0x004318C7,sub_431870,,,unclassified,0.00,unknown,,false,,,,
0x004318D0,40,0x004318F7,sub_4318D0,,,unclassified,0.00,unknown,,false,,,,
0x00431900,40,0x00431927,sub_431900,,,unclassified,0.00,unknown,,false,,,,
0x00431930,127,0x004319AE,sub_431930,,,unclassified,0.00,unknown,,false,,,,
0x004319B0,95,0x00431A0E,sub_4319B0,,,unclassified,0.00,unknown,,false,,,,
0x00431A0F,60,0x00431A4A,sub_431A0F,,,unclassified,0.00,unknown,,false,,,,
0x00431A4B,17,0x00431A5B,sub_431A4B,,,unclassified,0.00,unknown,,false,,,,
0x00431A5C,114,0x00431ACD,sub_431A5C,,,unclassified,0.00,unknown,,false,,,,
0x00431ACE,95,0x00431B2C,sub_431ACE,,,unclassified,0.00,unknown,,false,,,,
0x00431B2D,447,0x00431CEB,sub_431B2D,,,unclassified,0.00,unknown,,false,,,,
0x00431CEC,80,0x00431D3B,sub_431CEC,,,unclassified,0.00,unknown,,false,,,,
0x00431D3C,1064,0x00432163,sub_431D3C,,,unclassified,0.00,unknown,,false,,,,
0x00432164,247,0x0043225A,sub_432164,,,unclassified,0.00,unknown,,false,,,,
0x0043225B,35,0x0043227D,sub_43225B,,,unclassified,0.00,unknown,,false,,,,
0x0043227E,37,0x004322A2,sub_43227E,,,unclassified,0.00,unknown,,false,,,,
0x004322A3,796,0x004325BE,sub_4322A3,,,unclassified,0.00,unknown,,false,,,,
0x004325C0,32,0x004325DF,sub_4325C0,,,unclassified,0.00,unknown,,false,,,,
0x004325E0,71,0x00432626,sub_4325E0,,,unclassified,0.00,unknown,,false,,,,
0x00432630,84,0x00432683,sub_432630,,,unclassified,0.00,unknown,,false,,,,
0x00432690,91,0x004326EA,sub_432690,,,unclassified,0.00,unknown,,false,,,,
0x004326F0,660,0x00432983,sub_4326F0,,,unclassified,0.00,unknown,,false,,,,
0x00432990,4298,0x00433A59,sub_432990,,,unclassified,0.00,unknown,,false,,,,
0x00433A90,132,0x00433B13,sub_433A90,,,unclassified,0.00,unknown,,false,,,,
0x00433B20,275,0x00433C32,sub_433B20,,,unclassified,0.00,unknown,,false,,,,
0x00433C40,141,0x00433CCC,sub_433C40,,,unclassified,0.00,unknown,,false,,,,
0x00433CD0,434,0x00433E81,sub_433CD0,,,unclassified,0.00,unknown,,false,,,,
0x00433E90,133,0x00433F14,sub_433E90,,,unclassified,0.00,unknown,,false,,,,
0x00433F20,104,0x00433F87,sub_433F20,,,unclassified,0.00,unknown,,false,,,,
0x00433F90,134,0x00434015,sub_433F90,,,unclassified,0.00,unknown,,false,,,,
0x00434020,1131,0x0043448A,sub_434020,,,unclassified,0.00,unknown,,false,,,,
0x00434490,292,0x004345B3,sub_434490,,,unclassified,0.00,unknown,,false,,,,
0x004345C0,284,0x004346DB,sub_4345C0,,,unclassified,0.00,unknown,,false,,,,
0x004346E0,855,0x00434A36,sub_4346E0,,,unclassified,0.00,unknown,,false,,,,
0x00434A40,53,0x00434A74,sub_434A40,,,unclassified,0.00,unknown,,false,,,,
0x00434A80,326,0x00434BC5,sub_434A80,,,unclassified,0.00,unknown,,false,,,,
0x00434BD0,1506,0x004351B1,sub_434BD0,,,unclassified,0.00,unknown,,false,,,,
0x004351C0,107,0x0043522A,sub_4351C0,,,unclassified,0.00,unknown,,false,,,,
0x00435230,1130,0x00435699,sub_435230,,,unclassified,0.00,unknown,,false,,,,
0x004356A0,1313,0x00435BC0,sub_4356A0,,,unclassified,0.00,unknown,,false,,,,
0x00435BD0,595,0x00435E22,sub_435BD0,,,unclassified,0.00,unknown,,false,,,,
0x00435E30,143,0x00435EBE,sub_435E30,,,unclassified,0.00,unknown,,false,,,,
0x00435EC0,255,0x00435FBE,sub_435EC0,,,unclassified,0.00,unknown,,false,,,,
0x00435FC0,322,0x00436101,sub_435FC0,,,unclassified,0.00,unknown,,false,,,,
0x00436110,33,0x00436130,unknown_libname_2,,,unclassified,0.00,unknown,,false,,,,
0x00436140,19,0x00436152,sub_436140,,,unclassified,0.00,unknown,,false,,,,
0x00436160,89,0x004361B8,sub_436160,,,unclassified,0.00,unknown,,false,,,,
0x004361C0,59,0x004361FA,sub_4361C0,,,unclassified,0.00,unknown,,false,,,,
0x00436200,78,0x0043624D,sub_436200,,,unclassified,0.00,unknown,,false,,,,
0x00436250,67,0x00436292,sub_436250,,,unclassified,0.00,unknown,,false,,,,
0x004362A0,48,0x004362CF,sub_4362A0,,,unclassified,0.00,unknown,,false,,,,
0x004362D0,41,0x004362F8,sub_4362D0,,,unclassified,0.00,unknown,,false,,,,
0x00436300,115,0x00436372,sub_436300,,,unclassified,0.00,unknown,,false,,,,
0x00436380,61,0x004363BC,sub_436380,,,unclassified,0.00,unknown,,false,,,,
0x004363C0,26,0x004363D9,fptc,,,unclassified,0.00,unknown,,false,,,,
0x004363E0,30,0x004363FD,sub_4363E0,,,unclassified,0.00,unknown,,false,,,,
0x00436400,78,0x0043644D,sub_436400,,,unclassified,0.00,unknown,,false,,,,
0x00436450,351,0x004365AE,sub_436450,,,unclassified,0.00,unknown,,false,,,,
0x004365B0,147,0x00436642,sub_4365B0,,,unclassified,0.00,unknown,,false,,,,
0x00436650,112,0x004366BF,sub_436650,,,unclassified,0.00,unknown,,false,,,,
0x004366C0,60,0x004366FB,sub_4366C0,,,unclassified,0.00,unknown,,false,,,,
0x00436700,131,0x00436782,sub_436700,,,unclassified,0.00,unknown,,false,,,,
0x00436790,547,0x004369B2,sub_436790,,,unclassified,0.00,unknown,,false,,,,
0x004369C0,58,0x004369F9,sub_4369C0,,,unclassified,0.00,unknown,,false,,,,
0x00436A00,203,0x00436ACA,sub_436A00,,,unclassified,0.00,unknown,,false,,,,
0x00436AD0,81,0x00436B20,sub_436AD0,,,unclassified,0.00,unknown,,false,,,,
0x00436B30,134,0x00436BB5,sub_436B30,,,unclassified,0.00,unknown,,false,,,,
0x00436BC0,199,0x00436C86,sub_436BC0,,,unclassified,0.00,unknown,,false,,,,
0x00436C90,79,0x00436CDE,sub_436C90,,,unclassified,0.00,unknown,,false,,,,
0x00436CE0,619,0x00436F4A,sub_436CE0,,,unclassified,0.00,unknown,,false,,,,
0x00436F50,1868,0x0043769B,sub_436F50,,,unclassified,0.00,unknown,,false,,,,
0x004377F0,187,0x004378AA,sub_4377F0,,,unclassified,0.00,unknown,,false,,,,
0x004378B0,22,0x004378C5,sub_4378B0,,,unclassified,0.00,unknown,,false,,,,
0x004378D0,25,0x004378E8,sub_4378D0,,,unclassified,0.00,unknown,,false,,,,
0x004378F0,19,0x00437902,sub_4378F0,,,unclassified,0.00,unknown,,false,,,,
0x00437903,5,0x00437907,sub_437903,,,unclassified,0.00,unknown,,false,,,,
0x00437908,817,0x00437C38,sub_437908,,,unclassified,0.00,unknown,,false,,,,
0x00437C39,55,0x00437C6F,sub_437C39,,,unclassified,0.00,unknown,,false,,,,
0x00437C70,1707,0x0043831A,sub_437C70,,,unclassified,0.00,unknown,,false,,,,
0x0043831B,20,0x0043832E,sub_43831B,,,unclassified,0.00,unknown,,false,,,,
0x0043832F,63,0x0043836D,sub_43832F,,,unclassified,0.00,unknown,,false,,,,
0x0043836E,106,0x004383D7,sub_43836E,,,unclassified,0.00,unknown,,false,,,,
0x004383D8,656,0x00438667,sub_4383D8,,,unclassified,0.00,unknown,,false,,,,
0x00438668,139,0x004386F2,sub_438668,,,unclassified,0.00,unknown,,false,,,,
0x004386F3,659,0x00438985,sub_4386F3,,,unclassified,0.00,unknown,,false,,,,
0x00438986,1116,0x00438DE1,sub_438986,,,unclassified,0.00,unknown,,false,,,,
0x00438DE2,525,0x00438FEE,sub_438DE2,,,unclassified,0.00,unknown,,false,,,,
0x00438FEF,17,0x00438FFF,sub_438FEF,,,unclassified,0.00,unknown,,false,,,,
0x00439000,165,0x004390A4,sub_439000,,,unclassified,0.00,unknown,,false,,,,
0x004390A5,860,0x00439400,sub_4390A5,,,unclassified,0.00,unknown,,false,,,,
0x00439401,198,0x004394C6,sub_439401,,,unclassified,0.00,unknown,,false,,,,
0x004394C7,198,0x0043958C,sub_4394C7,,,unclassified,0.00,unknown,,false,,,,
0x0043958D,110,0x004395FA,sub_43958D,,,unclassified,0.00,unknown,,false,,,,
0x004395FB,699,0x004398B5,sub_4395FB,,,unclassified,0.00,unknown,,false,,,,
0x004398B6,1306,0x00439DCF,sub_4398B6,,,unclassified,0.00,unknown,,false,,,,
0x00439DD0,241,0x00439EC0,sub_439DD0,,,unclassified,0.00,unknown,,false,,,,
0x00439EC1,140,0x00439F4C,sub_439EC1,,,unclassified,0.00,unknown,,false,,,,
0x00439F4D,274,0x0043A05E,sub_439F4D,,,unclassified,0.00,unknown,,false,,,,
0x0043A05F,119,0x0043A0D5,sub_43A05F,,,unclassified,0.00,unknown,,false,,,,
0x0043A0D6,183,0x0043A18C,sub_43A0D6,,,unclassified,0.00,unknown,,false,,,,
0x0043A18D,48,0x0043A1BC,sub_43A18D,,,unclassified,0.00,unknown,,false,,,,
0x0043A1BD,74,0x0043A206,sub_43A1BD,,,unclassified,0.00,unknown,,false,,,,
0x0043A207,71,0x0043A24D,sub_43A207,,,unclassified,0.00,unknown,,false,,,,
0x0043A24E,49,0x0043A27E,sub_43A24E,,,unclassified,0.00,unknown,,false,,,,
0x0043A27F,373,0x0043A3F3,sub_43A27F,,,unclassified,0.00,unknown,,false,,,,
0x0043A3F4,373,0x0043A568,sub_43A3F4,,,unclassified,0.00,unknown,,false,,,,
0x0043A569,306,0x0043A69A,sub_43A569,,,unclassified,0.00,unknown,,false,,,,
0x0043A69B,197,0x0043A75F,sub_43A69B,,,unclassified,0.00,unknown,,false,,,,
0x0043A760,161,0x0043A800,sub_43A760,,,unclassified,0.00,unknown,,false,,,,
0x0043A801,863,0x0043AB5F,sub_43A801,,,unclassified,0.00,unknown,,false,,,,
0x0043AB60,236,0x0043AC4B,sub_43AB60,,,unclassified,0.00,unknown,,false,,,,
0x0043AC4C,468,0x0043AE1F,sub_43AC4C,,,unclassified,0.00,unknown,,false,,,,
0x0043AE20,1624,0x0043B477,sub_43AE20,,,unclassified,0.00,unknown,,false,,,,
0x0043B478,99,0x0043B4DA,sub_43B478,,,unclassified,0.00,unknown,,false,,,,
0x0043B4DB,223,0x0043B5B9,sub_43B4DB,,,unclassified,0.00,unknown,,false,,,,
0x0043B5C0,396,0x0043B74B,sub_43B5C0,,,unclassified,0.00,unknown,,false,,,,
0x0043B750,71,0x0043B796,sub_43B750,,,unclassified,0.00,unknown,,false,,,,
0x0043B7A0,71,0x0043B7E6,sub_43B7A0,,,unclassified,0.00,unknown,,false,,,,
0x0043B7F0,532,0x0043BA03,sub_43B7F0,,,unclassified,0.00,unknown,,false,,,,
0x0043BA10,143,0x0043BA9E,sub_43BA10,,,unclassified,0.00,unknown,,false,,,,
0x0043BAA0,111,0x0043BB0E,sub_43BAA0,,,unclassified,0.00,unknown,,false,,,,
0x0043BB10,191,0x0043BBCE,sub_43BB10,,,unclassified,0.00,unknown,,false,,,,
0x0043BBD0,490,0x0043BDB9,sub_43BBD0,,,unclassified,0.00,unknown,,false,,,,
0x0043BDC0,65,0x0043BE00,sub_43BDC0,,,unclassified,0.00,unknown,,false,,,,
0x0043BE10,312,0x0043BF47,sub_43BE10,,,unclassified,0.00,unknown,,false,,,,
0x0043BF50,379,0x0043C0CA,sub_43BF50,,,unclassified,0.00,unknown,,false,,,,
0x0043C0D0,228,0x0043C1B3,sub_43C0D0,,,unclassified,0.00,unknown,,false,,,,
0x0043C1C0,142,0x0043C24D,sub_43C1C0,,,unclassified,0.00,unknown,,false,,,,
0x0043C250,554,0x0043C479,sub_43C250,,,unclassified,0.00,unknown,,false,,,,
0x0043C480,554,0x0043C6A9,sub_43C480,,,unclassified,0.00,unknown,,false,,,,
0x0043C6B0,73,0x0043C6F8,sub_43C6B0,,,unclassified,0.00,unknown,,false,,,,
0x0043C700,566,0x0043C935,sub_43C700,,,unclassified,0.00,unknown,,false,,,,
0x0043C940,868,0x0043CCA3,sub_43C940,,,unclassified,0.00,unknown,,false,,,,
0x0043CCB0,299,0x0043CDDA,sub_43CCB0,,,unclassified,0.00,unknown,,false,,,,
0x0043CDE0,725,0x0043D0B4,sub_43CDE0,,,unclassified,0.00,unknown,,false,,,,
0x0043D0E0,120,0x0043D157,sub_43D0E0,,,unclassified,0.00,unknown,,false,,,,
0x0043D160,386,0x0043D2E1,sub_43D160,,,unclassified,0.00,unknown,,false,,,,
0x0043D2F0,913,0x0043D680,sub_43D2F0,,,unclassified,0.00,unknown,,false,,,,
0x0043D690,256,0x0043D78F,sub_43D690,,,unclassified,0.00,unknown,,false,,,,
0x0043D790,229,0x0043D874,sub_43D790,,,unclassified,0.00,unknown,,false,,,,
0x0043D880,264,0x0043D987,sub_43D880,,,unclassified,0.00,unknown,,false,,,,
0x0043D990,72,0x0043D9D7,sub_43D990,,,unclassified,0.00,unknown,,false,,,,
0x0043D9E0,1724,0x0043E09B,sub_43D9E0,,,unclassified,0.00,unknown,,false,,,,
0x0043E0A0,442,0x0043E259,sub_43E0A0,,,unclassified,0.00,unknown,,false,,,,
0x0043E260,324,0x0043E3A3,sub_43E260,,,unclassified,0.00,unknown,,false,,,,
0x0043E3B0,293,0x0043E4D4,sub_43E3B0,,,unclassified,0.00,unknown,,false,,,,
0x0043E4E0,456,0x0043E6A7,sub_43E4E0,,,unclassified,0.00,unknown,,false,,,,
0x0043E6B0,1247,0x0043EB8E,sub_43E6B0,,,unclassified,0.00,unknown,,false,,,,
0x0043EB90,549,0x0043EDB4,sub_43EB90,,,unclassified,0.00,unknown,,false,,,,
0x0043EDC0,143,0x0043EE4E,sub_43EDC0,,,unclassified,0.00,unknown,,false,,,,
0x0043EE50,6790,0x004408D5,sub_43EE50,,,unclassified,0.00,unknown,,false,,,,
0x00440940,169,0x004409E8,sub_440940,,,unclassified,0.00,unknown,,false,,,,
0x004409F0,760,0x00440CE7,sub_4409F0,,,unclassified,0.00,unknown,,false,,,,
0x00440CF0,1231,0x004411BE,sub_440CF0,,,unclassified,0.00,unknown,,false,,,,
0x004411C0,353,0x00441320,sub_4411C0,,,unclassified,0.00,unknown,,false,,,,
0x00441330,825,0x00441668,sub_441330,,,unclassified,0.00,unknown,,false,,,,
0x00441670,394,0x004417F9,sub_441670,,,unclassified,0.00,unknown,,false,,,,
0x00441800,163,0x004418A2,sub_441800,,,unclassified,0.00,unknown,,false,,,,
0x004418B0,162,0x00441951,sub_4418B0,,,unclassified,0.00,unknown,,false,,,,
0x00441960,612,0x00441BC3,sub_441960,,,unclassified,0.00,unknown,,false,,,,
0x00441BD0,680,0x00441E77,sub_441BD0,,,unclassified,0.00,unknown,,false,,,,
0x00441E80,290,0x00441FA1,sub_441E80,,,unclassified,0.00,unknown,,false,,,,
0x00441FB0,247,0x004420A6,sub_441FB0,,,unclassified,0.00,unknown,,false,,,,
0x004420B0,665,0x00442348,sub_4420B0,,,unclassified,0.00,unknown,,false,,,,
0x00442350,24,0x00442367,sub_442350,,,unclassified,0.00,unknown,,false,,,,
0x00442370,104,0x004423D7,sub_442370,,,unclassified,0.00,unknown,,false,,,,
0x004423E0,1273,0x004428D8,sub_4423E0,,,unclassified,0.00,unknown,,false,,,,
0x004428E0,232,0x004429C7,sub_4428E0,,,unclassified,0.00,unknown,,false,,,,
0x004429D0,312,0x00442B07,sub_4429D0,,,unclassified,0.00,unknown,,false,,,,
0x00442B10,85,0x00442B64,sub_442B10,,,unclassified,0.00,unknown,,false,,,,
0x00442B70,231,0x00442C56,sub_442B70,,,unclassified,0.00,unknown,,false,,,,
0x00442C60,100,0x00442CC3,sub_442C60,,,unclassified,0.00,unknown,,false,,,,
0x00442CD0,378,0x00442E49,sub_442CD0,,,unclassified,0.00,unknown,,false,,,,
0x00442E50,142,0x00442EDD,sub_442E50,,,unclassified,0.00,unknown,,false,,,,
0x00442EE0,341,0x00443034,sub_442EE0,,,unclassified,0.00,unknown,,false,,,,
0x00443040,870,0x004433A5,sub_443040,,,unclassified,0.00,unknown,,false,,,,
0x004433B0,416,0x0044354F,sub_4433B0,,,unclassified,0.00,unknown,,false,,,,
0x00443550,1111,0x004439A6,sub_443550,,,unclassified,0.00,unknown,,false,,,,
0x004439B0,232,0x00443A97,sub_4439B0,,,unclassified,0.00,unknown,,false,,,,
0x00443AA0,655,0x00443D2E,sub_443AA0,,,unclassified,0.00,unknown,,false,,,,
0x00443D30,108,0x00443D9B,sub_443D30,,,unclassified,0.00,unknown,,false,,,,
0x00443DA0,1829,0x004444C4,sub_443DA0,,,unclassified,0.00,unknown,,false,,,,
0x004444D0,1419,0x00444A5A,sub_4444D0,,,unclassified,0.00,unknown,,false,,,,
0x00444A5B,251,0x00444B55,sub_444A5B,,,unclassified,0.00,unknown,,false,,,,
0x00444B56,151,0x00444BEC,sub_444B56,,,unclassified,0.00,unknown,,false,,,,
0x00444BED,51,0x00444C1F,sub_444BED,,,unclassified,0.00,unknown,,false,,,,
0x00444C20,749,0x00444F0C,sub_444C20,,,unclassified,0.00,unknown,,false,,,,
0x00444F0D,348,0x00445068,sub_444F0D,,,unclassified,0.00,unknown,,false,,,,
0x00445069,167,0x0044510F,sub_445069,,,unclassified,0.00,unknown,,false,,,,
0x00445110,130,0x00445191,sub_445110,,,unclassified,0.00,unknown,,false,,,,
0x00445192,354,0x004452F3,sub_445192,,,unclassified,0.00,unknown,,false,,,,
0x004452F4,395,0x0044547E,sub_4452F4,,,unclassified,0.00,unknown,,false,,,,
0x0044547F,125,0x004454FB,sub_44547F,,,unclassified,0.00,unknown,,false,,,,
0x004454FC,48,0x0044552B,sub_4454FC,,,unclassified,0.00,unknown,,false,,,,
0x0044552C,1323,0x00445A56,sub_44552C,,,unclassified,0.00,unknown,,false,,,,
0x00445A57,255,0x00445B55,sub_445A57,,,unclassified,0.00,unknown,,false,,,,
0x00445B56,255,0x00445C54,sub_445B56,,,unclassified,0.00,unknown,,false,,,,
0x00445C55,267,0x00445D5F,sub_445C55,,,unclassified,0.00,unknown,,false,,,,
0x00445D60,43,0x00445D8A,sub_445D60,,,unclassified,0.00,unknown,,false,,,,
0x00445D8B,40,0x00445DB2,sub_445D8B,,,unclassified,0.00,unknown,,false,,,,
0x00445DB3,3180,0x00446A1E,sub_445DB3,,,unclassified,0.00,unknown,,false,,,,
0x00446A66,1787,0x00447160,sub_446A66,,,unclassified,0.00,unknown,,false,,,,
0x00447161,55,0x00447197,sub_447161,,,unclassified,0.00,unknown,,false,,,,
0x00447198,3640,0x00447FCF,sub_447198,,,unclassified,0.00,unknown,,false,,,,
0x00447FD0,200,0x00448097,sub_447FD0,,,unclassified,0.00,unknown,,false,,,,
0x00448098,2065,0x004488A8,sub_448098,,,unclassified,0.00,unknown,,false,,,,
0x004488A9,1175,0x00448D3F,sub_4488A9,,,unclassified,0.00,unknown,,false,,,,
0x00448D40,3525,0x00449B04,sub_448D40,,,unclassified,0.00,unknown,,false,,,,
0x00449B05,1780,0x0044A1F8,sub_449B05,,,unclassified,0.00,unknown,,false,,,,
0x0044A1F9,265,0x0044A301,sub_44A1F9,,,unclassified,0.00,unknown,,false,,,,
0x0044A302,339,0x0044A454,sub_44A302,,,unclassified,0.00,unknown,,false,,,,
0x0044A460,190,0x0044A51D,sub_44A460,,,unclassified,0.00,unknown,,false,,,,
0x0044A520,124,0x0044A59B,sub_44A520,,,unclassified,0.00,unknown,,false,,,,
0x0044A5A0,165,0x0044A644,sub_44A5A0,,,unclassified,0.00,unknown,,false,,,,
0x0044A650,969,0x0044AA18,sub_44A650,,,unclassified,0.00,unknown,,false,,,,
0x0044AA20,971,0x0044ADEA,sub_44AA20,,,unclassified,0.00,unknown,,false,,,,
0x0044ADF0,145,0x0044AE80,sub_44ADF0,,,unclassified,0.00,unknown,,false,,,,
0x0044AE90,159,0x0044AF2E,sub_44AE90,,,unclassified,0.00,unknown,,false,,,,
0x0044AF30,69,0x0044AF74,sub_44AF30,,,unclassified,0.00,unknown,,false,,,,
0x0044AF80,267,0x0044B08A,sub_44AF80,,,unclassified,0.00,unknown,,false,,,,
0x0044B090,76,0x0044B0DB,sub_44B090,,,unclassified,0.00,unknown,,false,,,,
0x0044B0E0,409,0x0044B278,sub_44B0E0,,,unclassified,0.00,unknown,,false,,,,
0x0044B280,53,0x0044B2B4,sub_44B280,,,unclassified,0.00,unknown,,false,,,,
0x0044B2C0,80,0x0044B30F,sub_44B2C0,,,unclassified,0.00,unknown,,false,,,,
0x0044B310,491,0x0044B4FA,sub_44B310,,,unclassified,0.00,unknown,,false,,,,
0x0044B510,76,0x0044B55B,sub_44B510,,,unclassified,0.00,unknown,,false,,,,
0x0044B560,705,0x0044B820,sub_44B560,,,unclassified,0.00,unknown,,false,,,,
0x0044B830,584,0x0044BA77,sub_44B830,,,unclassified,0.00,unknown,,false,,,,
0x0044BA80,100,0x0044BAE3,sub_44BA80,,,unclassified,0.00,unknown,,false,,,,
0x0044BAF0,523,0x0044BCFA,sub_44BAF0,,,unclassified,0.00,unknown,,false,,,,
0x0044BD00,750,0x0044BFED,sub_44BD00,,,unclassified,0.00,unknown,,false,,,,
0x0044BFF0,48,0x0044C01F,sub_44BFF0,,,unclassified,0.00,unknown,,false,,,,
0x0044C020,386,0x0044C1A1,sub_44C020,,,unclassified,0.00,unknown,,false,,,,
0x0044C1B0,105,0x0044C218,sub_44C1B0,,,unclassified,0.00,unknown,,false,,,,
0x0044C220,677,0x0044C4C4,sub_44C220,,,unclassified,0.00,unknown,,false,,,,
0x0044C4D0,472,0x0044C6A7,sub_44C4D0,,,unclassified,0.00,unknown,,false,,,,
0x0044C6B0,287,0x0044C7CE,sub_44C6B0,,,unclassified,0.00,unknown,,false,,,,
0x0044C7D0,342,0x0044C925,sub_44C7D0,,,unclassified,0.00,unknown,,false,,,,
0x0044C930,133,0x0044C9B4,sub_44C930,,,unclassified,0.00,unknown,,false,,,,
0x0044C9C0,2073,0x0044D1D8,sub_44C9C0,,,unclassified,0.00,unknown,,false,,,,
0x0044D200,226,0x0044D2E1,StartAddress,,,unclassified,0.00,unknown,,false,,,,
0x0044D2F0,225,0x0044D3D0,sub_44D2F0,,,unclassified,0.00,unknown,,false,,,,
0x0044D3E0,573,0x0044D61C,sub_44D3E0,,,unclassified,0.00,unknown,,false,,,,
0x0044D620,11,0x0044D62A,unknown_libname_3,,,unclassified,0.00,unknown,,false,,,,
0x0044D630,700,0x0044D8EB,sub_44D630,,,unclassified,0.00,unknown,,false,,,,
0x0044D8F0,234,0x0044D9D9,sub_44D8F0,,,unclassified,0.00,unknown,,false,,,,
0x0044D9E0,511,0x0044DBDE,sub_44D9E0,,,unclassified,0.00,unknown,,false,,,,
0x0044DBE0,861,0x0044DF3C,sub_44DBE0,,,unclassified,0.00,unknown,,false,,,,
0x0044DF40,66,0x0044DF81,sub_44DF40,,,unclassified,0.00,unknown,,false,,,,
0x0044DF90,223,0x0044E06E,sub_44DF90,,,unclassified,0.00,unknown,,false,,,,
0x0044E070,1122,0x0044E4D1,sub_44E070,,,unclassified,0.00,unknown,,false,,,,
0x0044E4E0,514,0x0044E6E1,sub_44E4E0,,,unclassified,0.00,unknown,,false,,,,
0x0044E6F0,142,0x0044E77D,sub_44E6F0,,,unclassified,0.00,unknown,,false,,,,
0x0044E780,347,0x0044E8DA,sub_44E780,,,unclassified,0.00,unknown,,false,,,,
0x0044E8E0,308,0x0044EA13,sub_44E8E0,,,unclassified,0.00,unknown,,false,,,,
0x0044EA20,188,0x0044EADB,sub_44EA20,,,unclassified,0.00,unknown,,false,,,,
0x0044EAE0,992,0x0044EEBF,sub_44EAE0,,,unclassified,0.00,unknown,,false,,,,
0x0044EEC0,237,0x0044EFAC,sub_44EEC0,,,unclassified,0.00,unknown,,false,,,,
0x0044EFB0,1481,0x0044F578,sub_44EFB0,,,unclassified,0.00,unknown,,false,,,,
0x0044F580,60,0x0044F5BB,sub_44F580,,,unclassified,0.00,unknown,,false,,,,
0x0044F5C0,198,0x0044F685,sub_44F5C0,,,unclassified,0.00,unknown,,false,,,,
0x0044F690,211,0x0044F762,sub_44F690,,,unclassified,0.00,unknown,,false,,,,
0x0044F770,487,0x0044F956,sub_44F770,,,unclassified,0.00,unknown,,false,,,,
0x0044F960,58,0x0044F999,sub_44F960,,,unclassified,0.00,unknown,,false,,,,
0x0044F9A0,616,0x0044FC07,sub_44F9A0,,,unclassified,0.00,unknown,,false,,,,
0x0044FC10,487,0x0044FDF6,sub_44FC10,,,unclassified,0.00,unknown,,false,,,,
0x0044FE00,805,0x00450124,sub_44FE00,,,unclassified,0.00,unknown,,false,,,,
0x00450130,111,0x0045019E,sub_450130,,,unclassified,0.00,unknown,,false,,,,
0x004501A0,782,0x004504AD,sub_4501A0,,,unclassified,0.00,unknown,,false,,,,
0x004504B0,102,0x00450515,sub_4504B0,,,unclassified,0.00,unknown,,false,,,,
0x00450520,1316,0x00450A43,sub_450520,,,unclassified,0.00,unknown,,false,,,,
0x00450A50,166,0x00450AF5,sub_450A50,,,unclassified,0.00,unknown,,false,,,,
0x00450B20,186,0x00450BD9,sub_450B20,,,unclassified,0.00,unknown,,false,,,,
0x00450C10,124,0x00450C8B,sub_450C10,,,unclassified,0.00,unknown,,false,,,,
0x00450CA0,139,0x00450D2A,sub_450CA0,,,unclassified,0.00,unknown,,false,,,,
0x00450D60,13178,0x004540D9,sub_450D60,,,unclassified,0.00,unknown,,false,,,,
0x00454260,108,0x004542CB,sub_454260,,,unclassified,0.00,unknown,,false,,,,
0x004542D0,222,0x004543AD,sub_4542D0,,,unclassified,0.00,unknown,,false,,,,
0x004543B0,505,0x004545A8,sub_4543B0,,,unclassified,0.00,unknown,,false,,,,
0x004545B0,511,0x004547AE,sub_4545B0,,,unclassified,0.00,unknown,,false,,,,
0x004547B0,599,0x00454A06,sub_4547B0,,,unclassified,0.00,unknown,,false,,,,
0x00454A10,143,0x00454A9E,sub_454A10,,,unclassified,0.00,unknown,,false,,,,
0x00454AA0,445,0x00454C5C,sub_454AA0,,,unclassified,0.00,unknown,,false,,,,
0x00454C60,424,0x00454E07,sub_454C60,,,unclassified,0.00,unknown,,false,,,,
0x00454E10,280,0x00454F27,sub_454E10,,,unclassified,0.00,unknown,,false,,,,
0x00454F30,251,0x0045502A,sub_454F30,,,unclassified,0.00,unknown,,false,,,,
0x00455030,140,0x004550BB,sub_455030,,,unclassified,0.00,unknown,,false,,,,
0x004550C0,70,0x00455105,sub_4550C0,,,unclassified,0.00,unknown,,false,,,,
0x00455110,91,0x0045516A,sub_455110,,,unclassified,0.00,unknown,,false,,,,
0x00455170,352,0x004552CF,sub_455170,,,unclassified,0.00,unknown,,false,,,,
0x004552D0,298,0x004553F9,sub_4552D0,,,unclassified,0.00,unknown,,false,,,,
0x004553FA,59,0x00455434,sub_4553FA,,,unclassified,0.00,unknown,,false,,,,
0x00455435,72,0x0045547C,sub_455435,,,unclassified,0.00,unknown,,false,,,,
0x0045547D,89,0x004554D5,sub_45547D,,,unclassified,0.00,unknown,,false,,,,
0x004554D6,212,0x004555A9,sub_4554D6,,,unclassified,0.00,unknown,,false,,,,
0x004555DD,3152,0x0045622C,sub_4555DD,,,unclassified,0.00,unknown,,false,,,,
0x0045624D,3059,0x00456E3F,sub_45624D,,,unclassified,0.00,unknown,,false,,,,
0x00456E40,299,0x00456F6A,sub_456E40,,,unclassified,0.00,unknown,,false,,,,
0x00456F6B,2365,0x004578A7,sub_456F6B,,,unclassified,0.00,unknown,,false,,,,
0x004578CC,191,0x0045798A,sub_4578CC,,,unclassified,0.00,unknown,,false,,,,
0x0045798B,1626,0x00457FE4,sub_45798B,,,unclassified,0.00,unknown,,false,,,,
0x00457FE5,5427,0x00459517,sub_457FE5,,,unclassified,0.00,unknown,,false,,,,
0x00459518,3269,0x0045A1DC,sub_459518,,,unclassified,0.00,unknown,,false,,,,
0x0045A1DD,1863,0x0045A923,sub_45A1DD,,,unclassified,0.00,unknown,,false,,,,
0x0045A924,3275,0x0045B5EE,sub_45A924,,,unclassified,0.00,unknown,,false,,,,
0x0045B5EF,958,0x0045B9AC,sub_45B5EF,,,unclassified,0.00,unknown,,false,,,,
0x0045B9AD,413,0x0045BB49,sub_45B9AD,,,unclassified,0.00,unknown,,false,,,,
0x0045BB4A,281,0x0045BC62,sub_45BB4A,,,unclassified,0.00,unknown,,false,,,,
0x0045BC63,265,0x0045BD6B,sub_45BC63,,,unclassified,0.00,unknown,,false,,,,
0x0045BD6C,425,0x0045BF14,sub_45BD6C,,,unclassified,0.00,unknown,,false,,,,
0x0045BF15,1459,0x0045C4C7,sub_45BF15,,,unclassified,0.00,unknown,,false,,,,
0x0045C4C8,17,0x0045C4D8,sub_45C4C8,,,unclassified,0.00,unknown,,false,,,,
0x0045C4D9,109,0x0045C545,sub_45C4D9,,,unclassified,0.00,unknown,,false,,,,
0x0045C546,138,0x0045C5CF,sub_45C546,,,unclassified,0.00,unknown,,false,,,,
0x0045C5D0,273,0x0045C6E0,sub_45C5D0,,,unclassified,0.00,unknown,,false,,,,
0x0045C6F0,23,0x0045C706,unknown_libname_4,,,unclassified,0.00,unknown,,false,,,,
0x0045C710,44,0x0045C73B,sub_45C710,,,unclassified,0.00,unknown,,false,,,,
0x0045C740,142,0x0045C7CD,sub_45C740,,,unclassified,0.00,unknown,,false,,,,
0x0045C7D0,265,0x0045C8D8,sub_45C7D0,,,unclassified,0.00,unknown,,false,,,,
0x0045C8E0,844,0x0045CC2B,sub_45C8E0,,,unclassified,0.00,unknown,,false,,,,
0x0045CC30,795,0x0045CF4A,sub_45CC30,,,unclassified,0.00,unknown,,false,,,,
0x0045CF50,221,0x0045D02C,sub_45CF50,,,unclassified,0.00,unknown,,false,,,,
0x0045D030,46,0x0045D05D,sub_45D030,,,unclassified,0.00,unknown,,false,,,,
0x0045D060,599,0x0045D2B6,sub_45D060,,,unclassified,0.00,unknown,,false,,,,
0x0045D2C0,241,0x0045D3B0,sub_45D2C0,,,unclassified,0.00,unknown,,false,,,,
0x0045D3C0,484,0x0045D5A3,sub_45D3C0,,,unclassified,0.00,unknown,,false,,,,
0x0045D5B0,163,0x0045D652,sub_45D5B0,,,unclassified,0.00,unknown,,false,,,,
0x0045D660,182,0x0045D715,sub_45D660,,,unclassified,0.00,unknown,,false,,,,
0x0045D720,53,0x0045D754,sub_45D720,,,unclassified,0.00,unknown,,false,,,,
0x0045D760,250,0x0045D859,sub_45D760,,,unclassified,0.00,unknown,,false,,,,
0x0045D860,171,0x0045D90A,sub_45D860,,,unclassified,0.00,unknown,,false,,,,
0x0045D910,79,0x0045D95E,sub_45D910,,,unclassified,0.00,unknown,,false,,,,
0x0045D960,78,0x0045D9AD,sub_45D960,,,unclassified,0.00,unknown,,false,,,,
0x0045D9B0,110,0x0045DA1D,sub_45D9B0,,,unclassified,0.00,unknown,,false,,,,
0x0045DA20,96,0x0045DA7F,sub_45DA20,,,unclassified,0.00,unknown,,false,,,,
0x0045DA80,46,0x0045DAAD,sub_45DA80,,,unclassified,0.00,unknown,,false,,,,
0x0045DAB0,28,0x0045DACB,sub_45DAB0,,,unclassified,0.00,unknown,,false,,,,
0x0045DAD0,143,0x0045DB5E,sub_45DAD0,,,unclassified,0.00,unknown,,false,,,,
0x0045DB60,1000,0x0045DF47,sub_45DB60,,,unclassified,0.00,unknown,,false,,,,
0x0045DF50,194,0x0045E011,sub_45DF50,,,unclassified,0.00,unknown,,false,,,,
0x0045E020,56,0x0045E057,sub_45E020,,,unclassified,0.00,unknown,,false,,,,
0x0045E060,19,0x0045E072,sub_45E060,,,unclassified,0.00,unknown,,false,,,,
0x0045E080,163,0x0045E122,sub_45E080,,,unclassified,0.00,unknown,,false,,,,
0x0045E130,84,0x0045E183,sub_45E130,,,unclassified,0.00,unknown,,false,,,,
0x0045E190,92,0x0045E1EB,sub_45E190,,,unclassified,0.00,unknown,,false,,,,
0x0045E1F0,17,0x0045E200,unknown_libname_5,,,unclassified,0.00,unknown,,false,,,,
0x0045E210,328,0x0045E357,sub_45E210,,,unclassified,0.00,unknown,,false,,,,
0x0045E360,328,0x0045E4A7,sub_45E360,,,unclassified,0.00,unknown,,false,,,,
0x0045E4B0,51,0x0045E4E2,sub_45E4B0,,,unclassified,0.00,unknown,,false,,,,
0x0045E4F0,5,0x0045E4F4,sub_45E4F0,,,unclassified,0.00,unknown,,false,,,,
0x0045E500,20,0x0045E513,sub_45E500,,,unclassified,0.00,unknown,,false,,,,
0x0045E520,47,0x0045E54E,sub_45E520,,,unclassified,0.00,unknown,,false,,,,
0x0045E550,52,0x0045E583,sub_45E550,,,unclassified,0.00,unknown,,false,,,,
0x0045E590,46,0x0045E5BD,sub_45E590,,,unclassified,0.00,unknown,,false,,,,
0x0045E5C0,82,0x0045E611,sub_45E5C0,,,unclassified,0.00,unknown,,false,,,,
0x0045E620,330,0x0045E769,sub_45E620,,,unclassified,0.00,unknown,,false,,,,
0x0045E770,53,0x0045E7A4,sub_45E770,,,unclassified,0.00,unknown,,false,,,,
0x0045E7B0,68,0x0045E7F3,sub_45E7B0,,,unclassified,0.00,unknown,,false,,,,
0x0045E800,74,0x0045E849,sub_45E800,,,unclassified,0.00,unknown,,false,,,,
0x0045E850,43,0x0045E87A,sub_45E850,,,unclassified,0.00,unknown,,false,,,,
0x0045E880,39,0x0045E8A6,sub_45E880,,,unclassified,0.00,unknown,,false,,,,
0x0045E8B0,51,0x0045E8E2,sub_45E8B0,,,unclassified,0.00,unknown,,false,,,,
0x0045E8F0,210,0x0045E9C1,sub_45E8F0,,,unclassified,0.00,unknown,,false,,,,
0x0045E9D0,253,0x0045EACC,sub_45E9D0,,,unclassified,0.00,unknown,,false,,,,
0x0045EAD0,1065,0x0045EEF8,sub_45EAD0,,,unclassified,0.00,unknown,,false,,,,
0x0045EF00,868,0x0045F263,sub_45EF00,,,unclassified,0.00,unknown,,false,,,,
0x0045F270,67,0x0045F2B2,sub_45F270,,,unclassified,0.00,unknown,,false,,,,
0x0045F2C0,124,0x0045F33B,sub_45F2C0,,,unclassified,0.00,unknown,,false,,,,
0x0045F340,284,0x0045F45B,sub_45F340,,,unclassified,0.00,unknown,,false,,,,
0x0045F460,134,0x0045F4E5,sub_45F460,,,unclassified,0.00,unknown,,false,,,,
0x0045F4F0,132,0x0045F573,sub_45F4F0,,,unclassified,0.00,unknown,,false,,,,
0x0045F580,183,0x0045F636,sub_45F580,,,unclassified,0.00,unknown,,false,,,,
0x0045F640,63,0x0045F67E,sub_45F640,,,unclassified,0.00,unknown,,false,,,,
0x0045F680,40,0x0045F6A7,sub_45F680,,,unclassified,0.00,unknown,,false,,,,
0x0045F6B0,53,0x0045F6E4,sub_45F6B0,,,unclassified,0.00,unknown,,false,,,,
0x0045F6F0,19,0x0045F702,sub_45F6F0,,,unclassified,0.00,unknown,,false,,,,
0x0045F710,229,0x0045F7F4,sub_45F710,,,unclassified,0.00,unknown,,false,,,,
0x0045F800,199,0x0045F8C6,sub_45F800,,,unclassified,0.00,unknown,,false,,,,
0x0045F8D0,133,0x0045F954,sub_45F8D0,,,unclassified,0.00,unknown,,false,,,,
0x0045F960,321,0x0045FAA0,sub_45F960,,,unclassified,0.00,unknown,,false,,,,
0x0045FAB0,46,0x0045FADD,sub_45FAB0,,,unclassified,0.00,unknown,,false,,,,
0x0045FAE0,101,0x0045FB44,sub_45FAE0,,,unclassified,0.00,unknown,,false,,,,
0x0045FB50,645,0x0045FDD4,sub_45FB50,,,unclassified,0.00,unknown,,false,,,,
0x0045FDE0,471,0x0045FFB6,sub_45FDE0,,,unclassified,0.00,unknown,,false,,,,
0x0045FFC0,139,0x0046004A,sub_45FFC0,,,unclassified,0.00,unknown,,false,,,,
0x004616B4,3,0x004616B6,nullsub_2,,,unclassified,0.00,unknown,,false,,,,
0x004616C4,1,0x004616C4,nullsub_3,,,unclassified,0.00,unknown,,false,,,,
0x00461734,3,0x00461736,nullsub_4,,,unclassified,0.00,unknown,,false,,,,
0x00461744,1,0x00461744,nullsub_5,,,unclassified,0.00,unknown,,false,,,,
0x00461A90,6,0x00461A95,DirectInput8Create,,,unclassified,0.00,unknown,,false,,,,
0x00461A96,6,0x00461A9B,DirectSoundCreate8,,,unclassified,0.00,unknown,,false,,,,
0x00461A9C,6,0x00461AA1,Direct3DCreate8,,,unclassified,0.00,unknown,,false,,,,
0x00461AA2,227,0x00461B84,sub_461AA2,,,unclassified,0.00,unknown,,false,,,,
0x00461B85,122,0x00461BFE,sub_461B85,,,unclassified,0.00,unknown,,false,,,,
0x00461BFF,123,0x00461C79,sub_461BFF,,,unclassified,0.00,unknown,,false,,,,
0x00461C7A,124,0x00461CF5,sub_461C7A,,,unclassified,0.00,unknown,,false,,,,
0x00461CF6,226,0x00461DD7,sub_461CF6,,,unclassified,0.00,unknown,,false,,,,
0x00461DD8,148,0x00461E6B,sub_461DD8,,,unclassified,0.00,unknown,,false,,,,
0x00461E6C,76,0x00461EB7,sub_461E6C,,,unclassified,0.00,unknown,,false,,,,
0x00461EB8,84,0x00461F0B,sub_461EB8,,,unclassified,0.00,unknown,,false,,,,
0x00461F0C,167,0x00461FB2,sub_461F0C,,,unclassified,0.00,unknown,,false,,,,
0x00461FB3,208,0x00462082,sub_461FB3,,,unclassified,0.00,unknown,,false,,,,
0x00462083,253,0x0046217F,sub_462083,,,unclassified,0.00,unknown,,false,,,,
0x004621A0,262,0x004622A5,sub_4621A0,,,unclassified,0.00,unknown,,false,,,,
0x004622A6,36,0x004622C9,sub_4622A6,,,unclassified,0.00,unknown,,false,,,,
0x004622CA,128,0x00462349,sub_4622CA,,,unclassified,0.00,unknown,,false,,,,
0x0046234A,994,0x0046272B,sub_46234A,,,unclassified,0.00,unknown,,false,,,,
0x0046272C,566,0x00462961,sub_46272C,,,unclassified,0.00,unknown,,false,,,,
0x00462962,40,0x00462989,sub_462962,,,unclassified,0.00,unknown,,false,,,,
0x0046298A,102,0x004629EF,sub_46298A,,,unclassified,0.00,unknown,,false,,,,
0x004629F0,182,0x00462AA5,sub_4629F0,,,unclassified,0.00,unknown,,false,,,,
0x00462AA6,285,0x00462BC2,sub_462AA6,,,unclassified,0.00,unknown,,false,,,,
0x00462BC3,305,0x00462CF3,sub_462BC3,,,unclassified,0.00,unknown,,false,,,,
0x00462CF4,1041,0x00463104,sub_462CF4,,,unclassified,0.00,unknown,,false,,,,
0x00463105,10,0x0046310E,sub_463105,,,unclassified,0.00,unknown,,false,,,,
0x0046310F,30,0x0046312C,sub_46310F,,,unclassified,0.00,unknown,,false,,,,
0x0046312D,34,0x0046314E,sub_46312D,,,unclassified,0.00,unknown,,false,,,,
0x0046314F,673,0x004633EF,sub_46314F,,,unclassified,0.00,unknown,,false,,,,
0x004633F0,950,0x004637A5,sub_4633F0,,,unclassified,0.00,unknown,,false,,,,
0x004637A6,1239,0x00463C7C,sub_4637A6,,,unclassified,0.00,unknown,,false,,,,
0x00463C7D,385,0x00463DFD,sub_463C7D,,,unclassified,0.00,unknown,,false,,,,
0x00463DFE,350,0x00463F5B,sub_463DFE,,,unclassified,0.00,unknown,,false,,,,
0x00463F5C,284,0x00464077,sub_463F5C,,,unclassified,0.00,unknown,,false,,,,
0x00464078,336,0x004641C7,sub_464078,,,unclassified,0.00,unknown,,false,,,,
0x004641C8,292,0x004642EB,sub_4641C8,,,unclassified,0.00,unknown,,false,,,,
0x004642EC,335,0x0046443A,sub_4642EC,,,unclassified,0.00,unknown,,false,,,,
0x0046443B,339,0x0046458D,sub_46443B,,,unclassified,0.00,unknown,,false,,,,
0x0046458E,319,0x004646CC,sub_46458E,,,unclassified,0.00,unknown,,false,,,,
0x004646CD,155,0x00464767,sub_4646CD,,,unclassified,0.00,unknown,,false,,,,
0x00464768,332,0x004648B3,sub_464768,,,unclassified,0.00,unknown,,false,,,,
0x004648B4,289,0x004649D4,sub_4648B4,,,unclassified,0.00,unknown,,false,,,,
0x004649D5,6,0x004649DA,sub_4649D5,,,unclassified,0.00,unknown,,false,,,,
0x004649DB,332,0x00464B26,sub_4649DB,,,unclassified,0.00,unknown,,false,,,,
0x00464B27,319,0x00464C65,sub_464B27,,,unclassified,0.00,unknown,,false,,,,
0x00464C66,35,0x00464C88,sub_464C66,,,unclassified,0.00,unknown,,false,,,,
0x00464C89,16,0x00464C98,sub_464C89,,,unclassified,0.00,unknown,,false,,,,
0x00464C99,306,0x00464DCA,sub_464C99,,,unclassified,0.00,unknown,,false,,,,
0x00464DCB,162,0x00464E6C,sub_464DCB,,,unclassified,0.00,unknown,,false,,,,
0x00464E6D,373,0x00464FE1,sub_464E6D,,,unclassified,0.00,unknown,,false,,,,
0x00464FE2,406,0x00465177,sub_464FE2,,,unclassified,0.00,unknown,,false,,,,
0x00465178,885,0x004654EC,sub_465178,,,unclassified,0.00,unknown,,false,,,,
0x0046550D,937,0x004658B5,sub_46550D,,,unclassified,0.00,unknown,,false,,,,
0x004658B6,209,0x00465986,sub_4658B6,,,unclassified,0.00,unknown,,false,,,,
0x00465987,833,0x00465CC7,sub_465987,,,unclassified,0.00,unknown,,false,,,,
0x00465CC8,1613,0x00466314,sub_465CC8,,,unclassified,0.00,unknown,,false,,,,
0x00466315,274,0x00466426,sub_466315,,,unclassified,0.00,unknown,,false,,,,
0x00466427,25,0x0046643F,sub_466427,,,unclassified,0.00,unknown,,false,,,,
0x00466440,89,0x00466498,sub_466440,,,unclassified,0.00,unknown,,false,,,,
0x00466499,1595,0x00466AD3,sub_466499,,,unclassified,0.00,unknown,,false,,,,
0x00466AD4,27,0x00466AEE,sub_466AD4,,,unclassified,0.00,unknown,,false,,,,
0x00466B05,17,0x00466B15,sub_466B05,,,unclassified,0.00,unknown,,false,,,,
0x00466B16,597,0x00466D6A,sub_466B16,,,unclassified,0.00,unknown,,false,,,,
0x00466D6B,1144,0x004671E2,sub_466D6B,,,unclassified,0.00,unknown,,false,,,,
0x004671E3,642,0x00467464,sub_4671E3,,,unclassified,0.00,unknown,,false,,,,
0x00467465,67,0x004674A7,sub_467465,,,unclassified,0.00,unknown,,false,,,,
0x004674A8,11,0x004674B2,sub_4674A8,,,unclassified,0.00,unknown,,false,,,,
0x004674B3,1,0x004674B3,nullsub_1,,,unclassified,0.00,unknown,,false,,,,
0x004674B4,1302,0x004679C9,sub_4674B4,,,unclassified,0.00,unknown,,false,,,,
0x004679CA,787,0x00467CDC,sub_4679CA,,,unclassified,0.00,unknown,,false,,,,
0x00467CDD,48,0x00467D0C,sub_467CDD,,,unclassified,0.00,unknown,,false,,,,
0x00467D0D,346,0x00467E66,sub_467D0D,,,unclassified,0.00,unknown,,false,,,,
0x00467E67,7,0x00467E6D,sub_467E67,,,unclassified,0.00,unknown,,false,,,,
0x00467E6E,3,0x00467E70,nullsub_6,,,unclassified,0.00,unknown,,false,,,,
0x00467E71,86,0x00467EC6,sub_467E71,,,unclassified,0.00,unknown,,false,,,,
0x00467EC7,105,0x00467F2F,sub_467EC7,,,unclassified,0.00,unknown,,false,,,,
0x00467F30,150,0x00467FC5,sub_467F30,,,unclassified,0.00,unknown,,false,,,,
0x00467FC6,120,0x0046803D,sub_467FC6,,,unclassified,0.00,unknown,,false,,,,
0x0046803E,126,0x004680BB,sub_46803E,,,unclassified,0.00,unknown,,false,,,,
0x004680BC,106,0x00468125,sub_4680BC,,,unclassified,0.00,unknown,,false,,,,
0x00468126,159,0x004681C4,sub_468126,,,unclassified,0.00,unknown,,false,,,,
0x004681C5,44,0x004681F0,sub_4681C5,,,unclassified,0.00,unknown,,false,,,,
0x004681F1,35,0x00468213,sub_4681F1,,,unclassified,0.00,unknown,,false,,,,
0x00468214,16,0x00468223,sub_468214,,,unclassified,0.00,unknown,,false,,,,
0x00468224,489,0x0046840C,sub_468224,,,unclassified,0.00,unknown,,false,,,,
0x0046840D,28,0x00468428,sub_46840D,,,unclassified,0.00,unknown,,false,,,,
0x00468429,112,0x00468498,sub_468429,,,unclassified,0.00,unknown,,false,,,,
0x00468499,193,0x00468559,sub_468499,,,unclassified,0.00,unknown,,false,,,,
0x0046855A,249,0x00468652,sub_46855A,,,unclassified,0.00,unknown,,false,,,,
0x00468653,215,0x00468729,sub_468653,,,unclassified,0.00,unknown,,false,,,,
0x0046872A,215,0x00468800,sub_46872A,,,unclassified,0.00,unknown,,false,,,,
0x00468801,215,0x004688D7,sub_468801,,,unclassified,0.00,unknown,,false,,,,
0x004688D8,243,0x004689CA,sub_4688D8,,,unclassified,0.00,unknown,,false,,,,
0x004689CB,249,0x00468AC3,sub_4689CB,,,unclassified,0.00,unknown,,false,,,,
0x00468AC4,209,0x00468B94,sub_468AC4,,,unclassified,0.00,unknown,,false,,,,
0x00468B95,130,0x00468C16,sub_468B95,,,unclassified,0.00,unknown,,false,,,,
0x00468C17,249,0x00468D0F,sub_468C17,,,unclassified,0.00,unknown,,false,,,,
0x00468D10,215,0x00468DE6,sub_468D10,,,unclassified,0.00,unknown,,false,,,,
0x00468DE7,253,0x00468EE3,sub_468DE7,,,unclassified,0.00,unknown,,false,,,,
0x00468EE4,186,0x00468F9D,sub_468EE4,,,unclassified,0.00,unknown,,false,,,,
0x00468F9E,158,0x0046903B,sub_468F9E,,,unclassified,0.00,unknown,,false,,,,
0x0046903C,208,0x0046910B,sub_46903C,,,unclassified,0.00,unknown,,false,,,,
0x0046910C,200,0x004691D3,sub_46910C,,,unclassified,0.00,unknown,,false,,,,
0x004691D4,176,0x00469283,sub_4691D4,,,unclassified,0.00,unknown,,false,,,,
0x00469284,223,0x00469362,sub_469284,,,unclassified,0.00,unknown,,false,,,,
0x00469363,231,0x00469449,sub_469363,,,unclassified,0.00,unknown,,false,,,,
0x0046944A,273,0x0046955A,sub_46944A,,,unclassified,0.00,unknown,,false,,,,
0x0046955B,177,0x0046960B,sub_46955B,,,unclassified,0.00,unknown,,false,,,,
0x0046960C,236,0x004696F7,sub_46960C,,,unclassified,0.00,unknown,,false,,,,
0x004696F8,140,0x00469783,sub_4696F8,,,unclassified,0.00,unknown,,false,,,,
0x00469784,162,0x00469825,sub_469784,,,unclassified,0.00,unknown,,false,,,,
0x00469826,152,0x004698BD,sub_469826,,,unclassified,0.00,unknown,,false,,,,
0x004698BE,165,0x00469962,sub_4698BE,,,unclassified,0.00,unknown,,false,,,,
0x00469963,162,0x00469A04,sub_469963,,,unclassified,0.00,unknown,,false,,,,
0x00469A05,176,0x00469AB4,sub_469A05,,,unclassified,0.00,unknown,,false,,,,
0x00469AB5,175,0x00469B63,sub_469AB5,,,unclassified,0.00,unknown,,false,,,,
0x00469B64,162,0x00469C05,sub_469B64,,,unclassified,0.00,unknown,,false,,,,
0x00469C06,114,0x00469C77,sub_469C06,,,unclassified,0.00,unknown,,false,,,,
0x00469C78,178,0x00469D29,sub_469C78,,,unclassified,0.00,unknown,,false,,,,
0x00469D2A,159,0x00469DC8,sub_469D2A,,,unclassified,0.00,unknown,,false,,,,
0x00469DC9,135,0x00469E4F,sub_469DC9,,,unclassified,0.00,unknown,,false,,,,
0x00469E50,100,0x00469EB3,sub_469E50,,,unclassified,0.00,unknown,,false,,,,
0x00469EB4,110,0x00469F21,sub_469EB4,,,unclassified,0.00,unknown,,false,,,,
0x00469F22,137,0x00469FAA,sub_469F22,,,unclassified,0.00,unknown,,false,,,,
0x00469FAB,137,0x0046A033,sub_469FAB,,,unclassified,0.00,unknown,,false,,,,
0x0046A034,209,0x0046A104,sub_46A034,,,unclassified,0.00,unknown,,false,,,,
0x0046A105,499,0x0046A2F7,sub_46A105,,,unclassified,0.00,unknown,,false,,,,
0x0046A2F8,721,0x0046A5C8,sub_46A2F8,,,unclassified,0.00,unknown,,false,,,,
0x0046A5C9,120,0x0046A640,sub_46A5C9,,,unclassified,0.00,unknown,,false,,,,
0x0046A641,111,0x0046A6AF,sub_46A641,,,unclassified,0.00,unknown,,false,,,,
0x0046A6B0,279,0x0046A7C6,sub_46A6B0,,,unclassified,0.00,unknown,,false,,,,
0x0046A7C7,813,0x0046AAF3,sub_46A7C7,,,unclassified,0.00,unknown,,false,,,,
0x0046AAF4,679,0x0046AD9A,sub_46AAF4,,,unclassified,0.00,unknown,,false,,,,
0x0046AD9B,134,0x0046AE20,sub_46AD9B,,,unclassified,0.00,unknown,,false,,,,
0x0046AE21,116,0x0046AE94,sub_46AE21,,,unclassified,0.00,unknown,,false,,,,
0x0046AEB1,5,0x0046AEB5,sub_46AEB1,,,unclassified,0.00,unknown,,false,,,,
0x0046AEB6,69,0x0046AEFA,sub_46AEB6,,,unclassified,0.00,unknown,,false,,,,
0x0046AEFB,84,0x0046AF4E,sub_46AEFB,,,unclassified,0.00,unknown,,false,,,,
0x0046AF4F,1508,0x0046B532,sub_46AF4F,,,unclassified,0.00,unknown,,false,,,,
0x0046B57B,28,0x0046B596,sub_46B57B,,,unclassified,0.00,unknown,,false,,,,
0x0046B597,28,0x0046B5B2,sub_46B597,,,unclassified,0.00,unknown,,false,,,,
0x0046B5B3,5,0x0046B5B7,sub_46B5B3,,,unclassified,0.00,unknown,,false,,,,
0x0046B5B8,28,0x0046B5D3,sub_46B5B8,,,unclassified,0.00,unknown,,false,,,,
0x0046B5D4,5,0x0046B5D8,sub_46B5D4,,,unclassified,0.00,unknown,,false,,,,
0x0046B5D9,192,0x0046B698,sub_46B5D9,,,unclassified,0.00,unknown,,false,,,,
0x0046B699,5,0x0046B69D,sub_46B699,,,unclassified,0.00,unknown,,false,,,,
0x0046B69E,383,0x0046B81C,sub_46B69E,,,unclassified,0.00,unknown,,false,,,,
0x0046B81D,154,0x0046B8B6,sub_46B81D,,,unclassified,0.00,unknown,,false,,,,
0x0046B8B7,161,0x0046B957,sub_46B8B7,,,unclassified,0.00,unknown,,false,,,,
0x0046B958,99,0x0046B9BA,sub_46B958,,,unclassified,0.00,unknown,,false,,,,
0x0046B9BB,164,0x0046BA5E,sub_46B9BB,,,unclassified,0.00,unknown,,false,,,,
0x0046BA5F,132,0x0046BAE2,sub_46BA5F,,,unclassified,0.00,unknown,,false,,,,
0x0046BAE3,193,0x0046BBA3,sub_46BAE3,,,unclassified,0.00,unknown,,false,,,,
0x0046BBA4,142,0x0046BC31,sub_46BBA4,,,unclassified,0.00,unknown,,false,,,,
0x0046BC32,763,0x0046BF2C,sub_46BC32,,,unclassified,0.00,unknown,,false,,,,
0x0046BF2D,745,0x0046C215,sub_46BF2D,,,unclassified,0.00,unknown,,false,,,,
0x0046C216,572,0x0046C451,sub_46C216,,,unclassified,0.00,unknown,,false,,,,
0x0046C452,378,0x0046C5CB,sub_46C452,,,unclassified,0.00,unknown,,false,,,,
0x0046C5CC,343,0x0046C722,sub_46C5CC,,,unclassified,0.00,unknown,,false,,,,
0x0046C723,660,0x0046C9B6,sub_46C723,,,unclassified,0.00,unknown,,false,,,,
0x0046C9B7,586,0x0046CC00,sub_46C9B7,,,unclassified,0.00,unknown,,false,,,,
0x0046CC01,223,0x0046CCDF,sub_46CC01,,,unclassified,0.00,unknown,,false,,,,
0x0046CCE0,156,0x0046CD7B,sub_46CCE0,,,unclassified,0.00,unknown,,false,,,,
0x0046CD7C,215,0x0046CE52,sub_46CD7C,,,unclassified,0.00,unknown,,false,,,,
0x0046CE53,152,0x0046CEEA,sub_46CE53,,,unclassified,0.00,unknown,,false,,,,
0x0046CEEB,500,0x0046D0DE,sub_46CEEB,,,unclassified,0.00,unknown,,false,,,,
0x0046D0DF,126,0x0046D15C,sub_46D0DF,,,unclassified,0.00,unknown,,false,,,,
0x0046D15D,239,0x0046D24B,sub_46D15D,,,unclassified,0.00,unknown,,false,,,,
0x0046D24C,42,0x0046D275,sub_46D24C,,,unclassified,0.00,unknown,,false,,,,
0x0046D276,125,0x0046D2F2,sub_46D276,,,unclassified,0.00,unknown,,false,,,,
0x0046D2F3,26,0x0046D30C,sub_46D2F3,,,unclassified,0.00,unknown,,false,,,,
0x0046D30E,29,0x0046D32A,sub_46D30E,,,unclassified,0.00,unknown,,false,,,,
0x0046D32B,49,0x0046D35B,sub_46D32B,,,unclassified,0.00,unknown,,false,,,,
0x0046D35C,151,0x0046D3F2,sub_46D35C,,,unclassified,0.00,unknown,,false,,,,
0x0046D3F3,17,0x0046D403,sub_46D3F3,,,unclassified,0.00,unknown,,false,,,,
0x0046D404,76,0x0046D44F,sub_46D404,,,unclassified,0.00,unknown,,false,,,,
0x0046D450,135,0x0046D4D6,sub_46D450,,,unclassified,0.00,unknown,,false,,,,
0x0046D4D7,26,0x0046D4F0,sub_46D4D7,,,unclassified,0.00,unknown,,false,,,,
0x0046D4F1,31,0x0046D50F,sub_46D4F1,,,unclassified,0.00,unknown,,false,,,,
0x0046D514,21,0x0046D528,sub_46D514,,,unclassified,0.00,unknown,,false,,,,
0x0046D529,32,0x0046D548,sub_46D529,,,unclassified,0.00,unknown,,false,,,,
0x0046D54E,37,0x0046D572,sub_46D54E,,,unclassified,0.00,unknown,,false,,,,
0x0046D573,259,0x0046D675,sub_46D573,,,unclassified,0.00,unknown,,false,,,,
0x0046D676,372,0x0046D7E9,sub_46D676,,,unclassified,0.00,unknown,,false,,,,
0x0046D7EA,32,0x0046D809,sub_46D7EA,,,unclassified,0.00,unknown,,false,,,,
0x0046D80A,936,0x0046DBB1,sub_46D80A,,,unclassified,0.00,unknown,,false,,,,
0x0046DBB2,77,0x0046DBFE,sub_46DBB2,,,unclassified,0.00,unknown,,false,,,,
0x0046DBFF,291,0x0046DD21,sub_46DBFF,,,unclassified,0.00,unknown,,false,,,,
0x0046DD22,129,0x0046DDA2,sub_46DD22,,,unclassified,0.00,unknown,,false,,,,
0x0046DDA3,26,0x0046DDBC,sub_46DDA3,,,unclassified,0.00,unknown,,false,,,,
0x0046DDBD,22,0x0046DDD2,sub_46DDBD,,,unclassified,0.00,unknown,,false,,,,
0x0046DDD3,22,0x0046DDE8,sub_46DDD3,,,unclassified,0.00,unknown,,false,,,,
0x0046DDE9,41,0x0046DE11,sub_46DDE9,,,unclassified,0.00,unknown,,false,,,,
0x0046DE12,43,0x0046DE3C,sub_46DE12,,,unclassified,0.00,unknown,,false,,,,
0x0046DE3D,209,0x0046DF0D,sub_46DE3D,,,unclassified,0.00,unknown,,false,,,,
0x0046DF0E,51,0x0046DF40,sub_46DF0E,,,unclassified,0.00,unknown,,false,,,,
0x0046DF41,103,0x0046DFA7,sub_46DF41,,,unclassified,0.00,unknown,,false,,,,
0x0046DFA8,9,0x0046DFB0,sub_46DFA8,,,unclassified,0.00,unknown,,false,,,,
0x0046DFB1,25,0x0046DFC9,sub_46DFB1,,,unclassified,0.00,unknown,,false,,,,
0x0046DFCA,25,0x0046DFE2,sub_46DFCA,,,unclassified,0.00,unknown,,false,,,,
0x0046DFE3,77,0x0046E02F,sub_46DFE3,,,unclassified,0.00,unknown,,false,,,,
0x0046E030,191,0x0046E0EE,sub_46E030,,,unclassified,0.00,unknown,,false,,,,
0x0046E0EF,9,0x0046E0F7,sub_46E0EF,,,unclassified,0.00,unknown,,false,,,,
0x0046E0F8,54,0x0046E12D,sub_46E0F8,,,unclassified,0.00,unknown,,false,,,,
0x0046E12E,9,0x0046E136,sub_46E12E,,,unclassified,0.00,unknown,,false,,,,
0x0046E137,235,0x0046E221,sub_46E137,,,unclassified,0.00,unknown,,false,,,,
0x0046E222,271,0x0046E330,sub_46E222,,,unclassified,0.00,unknown,,false,,,,
0x0046E331,379,0x0046E4AB,sub_46E331,,,unclassified,0.00,unknown,,false,,,,
0x0046E4AC,68,0x0046E4EF,sub_46E4AC,,,unclassified,0.00,unknown,,false,,,,
0x0046E4F0,567,0x0046E726,sub_46E4F0,,,unclassified,0.00,unknown,,false,,,,
0x0046E727,882,0x0046EA98,sub_46E727,,,unclassified,0.00,unknown,,false,,,,
0x0046EA99,519,0x0046EC9F,sub_46EA99,,,unclassified,0.00,unknown,,false,,,,
0x0046ECA0,851,0x0046EFF2,sub_46ECA0,,,unclassified,0.00,unknown,,false,,,,
0x0046EFF3,269,0x0046F0FF,sub_46EFF3,,,unclassified,0.00,unknown,,false,,,,
0x0046F100,767,0x0046F3FE,sub_46F100,,,unclassified,0.00,unknown,,false,,,,
0x0046F3FF,277,0x0046F513,sub_46F3FF,,,unclassified,0.00,unknown,,false,,,,
0x0046F514,412,0x0046F6AF,sub_46F514,,,unclassified,0.00,unknown,,false,,,,
0x0046F6B0,27,0x0046F6CA,sub_46F6B0,,,unclassified,0.00,unknown,,false,,,,
0x0046F6CB,162,0x0046F76C,sub_46F6CB,,,unclassified,0.00,unknown,,false,,,,
0x0046F76D,36,0x0046F790,sub_46F76D,,,unclassified,0.00,unknown,,false,,,,
0x0046F791,27,0x0046F7AB,sub_46F791,,,unclassified,0.00,unknown,,false,,,,
0x0046F7AC,57,0x0046F7E4,sub_46F7AC,,,unclassified,0.00,unknown,,false,,,,
0x0046F7E5,71,0x0046F82B,sub_46F7E5,,,unclassified,0.00,unknown,,false,,,,
0x0046F82C,37,0x0046F850,sub_46F82C,,,unclassified,0.00,unknown,,false,,,,
0x0046F854,63,0x0046F892,sub_46F854,,,unclassified,0.00,unknown,,false,,,,
0x0046F893,72,0x0046F8DA,sub_46F893,,,unclassified,0.00,unknown,,false,,,,
0x0046F8DB,83,0x0046F92D,sub_46F8DB,,,unclassified,0.00,unknown,,false,,,,
0x0046F92E,5,0x0046F932,sub_46F92E,,,unclassified,0.00,unknown,,false,,,,
0x0046F933,24,0x0046F94A,sub_46F933,,,unclassified,0.00,unknown,,false,,,,
0x0046F94B,63,0x0046F989,sub_46F94B,,,unclassified,0.00,unknown,,false,,,,
0x0046F98A,14,0x0046F997,sub_46F98A,,,unclassified,0.00,unknown,,false,,,,
0x0046F998,11,0x0046F9A2,sub_46F998,,,unclassified,0.00,unknown,,false,,,,
0x0046F9A3,34,0x0046F9C4,sub_46F9A3,,,unclassified,0.00,unknown,,false,,,,
0x0046F9C5,105,0x0046FA2D,sub_46F9C5,,,unclassified,0.00,unknown,,false,,,,
0x0046FA2E,38,0x0046FA53,sub_46FA2E,,,unclassified,0.00,unknown,,false,,,,
0x0046FA54,50,0x0046FA85,sub_46FA54,,,unclassified,0.00,unknown,,false,,,,
0x0046FA86,53,0x0046FABA,sub_46FA86,,,unclassified,0.00,unknown,,false,,,,
0x0046FABB,48,0x0046FAEA,sub_46FABB,,,unclassified,0.00,unknown,,false,,,,
0x0046FAEB,77,0x0046FB37,sub_46FAEB,,,unclassified,0.00,unknown,,false,,,,
0x0046FB38,159,0x0046FBD6,sub_46FB38,,,unclassified,0.00,unknown,,false,,,,
0x0046FBD7,139,0x0046FC61,sub_46FBD7,,,unclassified,0.00,unknown,,false,,,,
0x0046FC62,306,0x0046FD93,sub_46FC62,,,unclassified,0.00,unknown,,false,,,,
0x0046FD94,97,0x0046FDF4,sub_46FD94,,,unclassified,0.00,unknown,,false,,,,
0x0046FDF5,1175,0x0047028B,sub_46FDF5,,,unclassified,0.00,unknown,,false,,,,
0x0047028C,233,0x00470374,sub_47028C,,,unclassified,0.00,unknown,,false,,,,
0x00470375,78,0x004703C2,sub_470375,,,unclassified,0.00,unknown,,false,,,,
0x004703C3,256,0x004704C2,sub_4703C3,,,unclassified,0.00,unknown,,false,,,,
0x004704C3,50,0x004704F4,sub_4704C3,,,unclassified,0.00,unknown,,false,,,,
0x004704F5,89,0x0047054D,sub_4704F5,,,unclassified,0.00,unknown,,false,,,,
0x0047054E,342,0x004706A3,sub_47054E,,,unclassified,0.00,unknown,,false,,,,
0x004706A4,16,0x004706B3,sub_4706A4,,,unclassified,0.00,unknown,,false,,,,
0x004706B4,24,0x004706CB,sub_4706B4,,,unclassified,0.00,unknown,,false,,,,
0x004706CC,71,0x00470712,sub_4706CC,,,unclassified,0.00,unknown,,false,,,,
0x00470713,34,0x00470734,sub_470713,,,unclassified,0.00,unknown,,false,,,,
0x00470735,27,0x0047074F,sub_470735,,,unclassified,0.00,unknown,,false,,,,
0x00470750,49,0x00470780,sub_470750,,,unclassified,0.00,unknown,,false,,,,
0x00470781,443,0x0047093B,sub_470781,,,unclassified,0.00,unknown,,false,,,,
0x0047093C,374,0x00470AB1,sub_47093C,,,unclassified,0.00,unknown,,false,,,,
0x00470AB2,146,0x00470B43,sub_470AB2,,,unclassified,0.00,unknown,,false,,,,
0x00470B44,58,0x00470B7D,sub_470B44,,,unclassified,0.00,unknown,,false,,,,
0x00470B7E,147,0x00470C10,sub_470B7E,,,unclassified,0.00,unknown,,false,,,,
0x00470C11,55,0x00470C47,sub_470C11,,,unclassified,0.00,unknown,,false,,,,
0x00470C48,17,0x00470C58,sub_470C48,,,unclassified,0.00,unknown,,false,,,,
0x00470C59,65,0x00470C99,sub_470C59,,,unclassified,0.00,unknown,,false,,,,
0x00470C9A,21,0x00470CAE,sub_470C9A,,,unclassified,0.00,unknown,,false,,,,
0x00470CAF,252,0x00470DAA,sub_470CAF,,,unclassified,0.00,unknown,,false,,,,
0x00470DAB,142,0x00470E38,sub_470DAB,,,unclassified,0.00,unknown,,false,,,,
0x00470E39,146,0x00470ECA,sub_470E39,,,unclassified,0.00,unknown,,false,,,,
0x00470ECB,158,0x00470F68,sub_470ECB,,,unclassified,0.00,unknown,,false,,,,
0x00470F69,97,0x00470FC9,sub_470F69,,,unclassified,0.00,unknown,,false,,,,
0x00470FCA,97,0x0047102A,sub_470FCA,,,unclassified,0.00,unknown,,false,,,,
0x0047102B,383,0x004711A9,sub_47102B,,,unclassified,0.00,unknown,,false,,,,
0x004711AA,136,0x00471231,sub_4711AA,,,unclassified,0.00,unknown,,false,,,,
0x00471232,139,0x004712BC,sub_471232,,,unclassified,0.00,unknown,,false,,,,
0x004712BD,286,0x004713DA,sub_4712BD,,,unclassified,0.00,unknown,,false,,,,
0x004713DB,291,0x004714FD,sub_4713DB,,,unclassified,0.00,unknown,,false,,,,
0x004714FE,225,0x004715DE,sub_4714FE,,,unclassified,0.00,unknown,,false,,,,
0x004715DF,48,0x0047160E,sub_4715DF,,,unclassified,0.00,unknown,,false,,,,
0x0047160F,180,0x004716C2,sub_47160F,,,unclassified,0.00,unknown,,false,,,,
0x004716C3,34,0x004716E4,sub_4716C3,,,unclassified,0.00,unknown,,false,,,,
0x004716E5,27,0x004716FF,sub_4716E5,,,unclassified,0.00,unknown,,false,,,,
0x00471700,28,0x0047171B,sub_471700,,,unclassified,0.00,unknown,,false,,,,
0x0047171C,28,0x00471737,sub_47171C,,,unclassified,0.00,unknown,,false,,,,
0x00471738,113,0x004717A8,sub_471738,,,unclassified,0.00,unknown,,false,,,,
0x004717A9,495,0x00471997,sub_4717A9,,,unclassified,0.00,unknown,,false,,,,
0x00471998,111,0x00471A06,sub_471998,,,unclassified,0.00,unknown,,false,,,,
0x00471A07,429,0x00471BB3,sub_471A07,,,unclassified,0.00,unknown,,false,,,,
0x00471BB4,301,0x00471CE0,sub_471BB4,,,unclassified,0.00,unknown,,false,,,,
0x00471CE1,33,0x00471D01,sub_471CE1,,,unclassified,0.00,unknown,,false,,,,
0x00471D02,48,0x00471D31,sub_471D02,,,unclassified,0.00,unknown,,false,,,,
0x00471D32,63,0x00471D70,sub_471D32,,,unclassified,0.00,unknown,,false,,,,
0x00471D71,62,0x00471DAE,sub_471D71,,,unclassified,0.00,unknown,,false,,,,
0x00471DAF,229,0x00471E93,sub_471DAF,,,unclassified,0.00,unknown,,false,,,,
0x00471E94,23,0x00471EAA,sub_471E94,,,unclassified,0.00,unknown,,false,,,,
0x00471EAB,809,0x004721D3,sub_471EAB,,,unclassified,0.00,unknown,,false,,,,
0x0047220C,66,0x0047224D,sub_47220C,,,unclassified,0.00,unknown,,false,,,,
0x0047224E,13,0x0047225A,sub_47224E,,,unclassified,0.00,unknown,,false,,,,
0x0047225B,54,0x00472290,sub_47225B,,,unclassified,0.00,unknown,,false,,,,
0x00472291,25,0x004722A9,sub_472291,,,unclassified,0.00,unknown,,false,,,,
0x004722AA,35,0x004722CC,sub_4722AA,,,unclassified,0.00,unknown,,false,,,,
0x004722CD,51,0x004722FF,sub_4722CD,,,unclassified,0.00,unknown,,false,,,,
0x00472300,35,0x00472322,sub_472300,,,unclassified,0.00,unknown,,false,,,,
0x00472323,19,0x00472335,sub_472323,,,unclassified,0.00,unknown,,false,,,,
0x00472336,36,0x00472359,sub_472336,,,unclassified,0.00,unknown,,false,,,,
0x0047235A,94,0x004723B7,sub_47235A,,,unclassified,0.00,unknown,,false,,,,
0x004723B8,98,0x00472419,sub_4723B8,,,unclassified,0.00,unknown,,false,,,,
0x0047241A,532,0x0047262D,sub_47241A,,,unclassified,0.00,unknown,,false,,,,
0x0047262E,713,0x004728F6,sub_47262E,,,unclassified,0.00,unknown,,false,,,,
0x004728F7,377,0x00472A6F,sub_4728F7,,,unclassified,0.00,unknown,,false,,,,
0x00472A70,412,0x00472C0B,sub_472A70,,,unclassified,0.00,unknown,,false,,,,
0x00472C0C,140,0x00472C97,sub_472C0C,,,unclassified,0.00,unknown,,false,,,,
0x00472C98,503,0x00472E8E,sub_472C98,,,unclassified,0.00,unknown,,false,,,,
0x00472E8F,297,0x00472FB7,sub_472E8F,,,unclassified,0.00,unknown,,false,,,,
0x00472FB8,74,0x00473001,sub_472FB8,,,unclassified,0.00,unknown,,false,,,,
0x00473002,256,0x00473101,sub_473002,,,unclassified,0.00,unknown,,false,,,,
0x00473102,239,0x004731F0,sub_473102,,,unclassified,0.00,unknown,,false,,,,
0x004731F1,409,0x00473389,sub_4731F1,,,unclassified,0.00,unknown,,false,,,,
0x0047338A,74,0x004733D3,sub_47338A,,,unclassified,0.00,unknown,,false,,,,
0x004733D4,549,0x004735F8,sub_4733D4,,,unclassified,0.00,unknown,,false,,,,
0x004735F9,265,0x00473701,sub_4735F9,,,unclassified,0.00,unknown,,false,,,,
0x00473702,11,0x0047370C,sub_473702,,,unclassified,0.00,unknown,,false,,,,
0x0047370D,5,0x00473711,sub_47370D,,,unclassified,0.00,unknown,,false,,,,
0x00473712,20,0x00473725,sub_473712,,,unclassified,0.00,unknown,,false,,,,
0x00473726,168,0x004737CD,sub_473726,,,unclassified,0.00,unknown,,false,,,,
0x004737CE,305,0x004738FE,sub_4737CE,,,unclassified,0.00,unknown,,false,,,,
0x004738FF,212,0x004739D2,sub_4738FF,,,unclassified,0.00,unknown,,false,,,,
0x004739D3,150,0x00473A68,sub_4739D3,,,unclassified,0.00,unknown,,false,,,,
0x00473A69,104,0x00473AD0,sub_473A69,,,unclassified,0.00,unknown,,false,,,,
0x00473AD1,264,0x00473BD8,sub_473AD1,,,unclassified,0.00,unknown,,false,,,,
0x00473BD9,35,0x00473BFB,sub_473BD9,,,unclassified,0.00,unknown,,false,,,,
0x00473BFC,104,0x00473C63,sub_473BFC,,,unclassified,0.00,unknown,,false,,,,
0x00473C64,211,0x00473D36,sub_473C64,,,unclassified,0.00,unknown,,false,,,,
0x00473D37,63,0x00473D75,sub_473D37,,,unclassified,0.00,unknown,,false,,,,
0x00473D76,16,0x00473D85,sub_473D76,,,unclassified,0.00,unknown,,false,,,,
0x00473D86,474,0x00473F5F,sub_473D86,,,unclassified,0.00,unknown,,false,,,,
0x00473F60,415,0x004740FE,sub_473F60,,,unclassified,0.00,unknown,,false,,,,
0x004740FF,358,0x00474264,sub_4740FF,,,unclassified,0.00,unknown,,false,,,,
0x00474265,227,0x00474347,sub_474265,,,unclassified,0.00,unknown,,false,,,,
0x00474348,1304,0x0047485F,sub_474348,,,unclassified,0.00,unknown,,false,,,,
0x00474860,59,0x0047489A,sub_474860,,,unclassified,0.00,unknown,,false,,,,
0x0047489B,248,0x00474992,sub_47489B,,,unclassified,0.00,unknown,,false,,,,
0x00474993,419,0x00474B35,sub_474993,,,unclassified,0.00,unknown,,false,,,,
0x00474B36,234,0x00474C1F,sub_474B36,,,unclassified,0.00,unknown,,false,,,,
0x00474C20,230,0x00474D05,sub_474C20,,,unclassified,0.00,unknown,,false,,,,
0x00474D06,94,0x00474D63,sub_474D06,,,unclassified,0.00,unknown,,false,,,,
0x00474D64,973,0x00475130,sub_474D64,,,unclassified,0.00,unknown,,false,,,,
0x00475131,303,0x0047525F,sub_475131,,,unclassified,0.00,unknown,,false,,,,
0x00475260,58,0x00475299,sub_475260,,,unclassified,0.00,unknown,,false,,,,
0x0047529A,91,0x004752F4,sub_47529A,,,unclassified,0.00,unknown,,false,,,,
0x004752F5,509,0x004754F1,sub_4752F5,,,unclassified,0.00,unknown,,false,,,,
0x004754F2,557,0x0047571E,sub_4754F2,,,unclassified,0.00,unknown,,false,,,,
0x0047571F,226,0x00475800,sub_47571F,,,unclassified,0.00,unknown,,false,,,,
0x00475801,878,0x00475B6E,sub_475801,,,unclassified,0.00,unknown,,false,,,,
0x00475B6F,675,0x00475E11,sub_475B6F,,,unclassified,0.00,unknown,,false,,,,
0x00475E12,97,0x00475E72,sub_475E12,,,unclassified,0.00,unknown,,false,,,,
0x00475E73,439,0x00476029,sub_475E73,,,unclassified,0.00,unknown,,false,,,,
0x0047602A,116,0x0047609D,sub_47602A,,,unclassified,0.00,unknown,,false,,,,
0x0047609E,101,0x00476102,sub_47609E,,,unclassified,0.00,unknown,,false,,,,
0x00476103,144,0x00476192,sub_476103,,,unclassified,0.00,unknown,,false,,,,
0x00476193,140,0x0047621E,sub_476193,,,unclassified,0.00,unknown,,false,,,,
0x0047621F,166,0x004762C4,sub_47621F,,,unclassified,0.00,unknown,,false,,,,
0x004762C5,131,0x00476347,sub_4762C5,,,unclassified,0.00,unknown,,false,,,,
0x00476348,26,0x00476361,sub_476348,,,unclassified,0.00,unknown,,false,,,,
0x00476362,198,0x00476427,sub_476362,,,unclassified,0.00,unknown,,false,,,,
0x00476428,11,0x00476432,sub_476428,,,unclassified,0.00,unknown,,false,,,,
0x00476433,8,0x0047643A,sub_476433,,,unclassified,0.00,unknown,,false,,,,
0x0047643B,223,0x00476519,sub_47643B,,,unclassified,0.00,unknown,,false,,,,
0x0047651A,87,0x00476570,sub_47651A,,,unclassified,0.00,unknown,,false,,,,
0x00476571,106,0x004765DA,sub_476571,,,unclassified,0.00,unknown,,false,,,,
0x004765DB,163,0x0047667D,sub_4765DB,,,unclassified,0.00,unknown,,false,,,,
0x0047667E,263,0x00476784,sub_47667E,,,unclassified,0.00,unknown,,false,,,,
0x00476785,449,0x00476945,sub_476785,,,unclassified,0.00,unknown,,false,,,,
0x00476946,176,0x004769F5,sub_476946,,,unclassified,0.00,unknown,,false,,,,
0x004769F6,106,0x00476A5F,sub_4769F6,,,unclassified,0.00,unknown,,false,,,,
0x00476A60,35,0x00476A82,sub_476A60,,,unclassified,0.00,unknown,,false,,,,
0x00476A83,306,0x00476BB4,sub_476A83,,,unclassified,0.00,unknown,,false,,,,
0x00476BB5,317,0x00476CF1,sub_476BB5,,,unclassified,0.00,unknown,,false,,,,
0x00476CF2,542,0x00476F0F,sub_476CF2,,,unclassified,0.00,unknown,,false,,,,
0x00476F10,289,0x00477030,sub_476F10,,,unclassified,0.00,unknown,,false,,,,
0x00477031,176,0x004770E0,sub_477031,,,unclassified,0.00,unknown,,false,,,,
0x004770E1,21,0x004770F5,sub_4770E1,,,unclassified,0.00,unknown,,false,,,,
0x004770F6,166,0x0047719B,sub_4770F6,,,unclassified,0.00,unknown,,false,,,,
0x0047719C,49,0x004771CC,sub_47719C,,,unclassified,0.00,unknown,,false,,,,
0x004771CD,342,0x00477322,sub_4771CD,,,unclassified,0.00,unknown,,false,,,,
0x00477323,486,0x00477508,sub_477323,,,unclassified,0.00,unknown,,false,,,,
0x00477509,117,0x0047757D,sub_477509,,,unclassified,0.00,unknown,,false,,,,
0x0047757E,108,0x004775E9,sub_47757E,,,unclassified,0.00,unknown,,false,,,,
0x004775EA,41,0x00477612,sub_4775EA,,,unclassified,0.00,unknown,,false,,,,
0x00477613,35,0x00477635,sub_477613,,,unclassified,0.00,unknown,,false,,,,
0x00477636,824,0x0047796D,sub_477636,,,unclassified,0.00,unknown,,false,,,,
0x0047796E,282,0x00477A87,sub_47796E,,,unclassified,0.00,unknown,,false,,,,
0x00477A88,312,0x00477BBF,sub_477A88,,,unclassified,0.00,unknown,,false,,,,
0x00477BC0,141,0x00477C4C,sub_477BC0,,,unclassified,0.00,unknown,,false,,,,
0x00477C4D,384,0x00477DCC,sub_477C4D,,,unclassified,0.00,unknown,,false,,,,
0x00477DCD,282,0x00477EE6,sub_477DCD,,,unclassified,0.00,unknown,,false,,,,
0x00477EE7,208,0x00477FB6,sub_477EE7,,,unclassified,0.00,unknown,,false,,,,
0x00477FB7,169,0x0047805F,sub_477FB7,,,unclassified,0.00,unknown,,false,,,,
0x00478060,622,0x004782CD,sub_478060,,,unclassified,0.00,unknown,,false,,,,
0x004782CE,144,0x0047835D,sub_4782CE,,,unclassified,0.00,unknown,,false,,,,
0x0047835E,34,0x0047837F,sub_47835E,,,unclassified,0.00,unknown,,false,,,,
0x00478380,258,0x00478481,sub_478380,,,unclassified,0.00,unknown,,false,,,,
0x00478482,15,0x00478490,sub_478482,,,unclassified,0.00,unknown,,false,,,,
0x00478491,275,0x004785A3,sub_478491,,,unclassified,0.00,unknown,,false,,,,
0x004785A4,203,0x0047866E,sub_4785A4,,,unclassified,0.00,unknown,,false,,,,
0x0047866F,25,0x00478687,sub_47866F,,,unclassified,0.00,unknown,,false,,,,
0x00478688,19,0x0047869A,sub_478688,,,unclassified,0.00,unknown,,false,,,,
0x0047869B,285,0x004787B7,sub_47869B,,,unclassified,0.00,unknown,,false,,,,
0x004787B8,289,0x004788D8,sub_4787B8,,,unclassified,0.00,unknown,,false,,,,
0x004788D9,98,0x0047893A,sub_4788D9,,,unclassified,0.00,unknown,,false,,,,
0x0047893B,89,0x00478993,sub_47893B,,,unclassified,0.00,unknown,,false,,,,
0x00478994,136,0x00478A1B,sub_478994,,,unclassified,0.00,unknown,,false,,,,
0x00478A1C,141,0x00478AA8,sub_478A1C,,,unclassified,0.00,unknown,,false,,,,
0x00478AA9,235,0x00478B93,sub_478AA9,,,unclassified,0.00,unknown,,false,,,,
0x00478B94,255,0x00478C92,sub_478B94,,,unclassified,0.00,unknown,,false,,,,
0x00478C93,388,0x00478E16,sub_478C93,,,unclassified,0.00,unknown,,false,,,,
0x00478E17,54,0x00478E4C,sub_478E17,,,unclassified,0.00,unknown,,false,,,,
0x00478E4D,200,0x00478F14,sub_478E4D,,,unclassified,0.00,unknown,,false,,,,
0x00478F15,20,0x00478F28,sub_478F15,,,unclassified,0.00,unknown,,false,,,,
0x00478F29,137,0x00478FB1,sub_478F29,,,unclassified,0.00,unknown,,false,,,,
0x00478FB2,107,0x0047901C,sub_478FB2,,,unclassified,0.00,unknown,,false,,,,
0x0047901D,139,0x004790A7,sub_47901D,,,unclassified,0.00,unknown,,false,,,,
0x004790A8,2289,0x00479998,sub_4790A8,,,unclassified,0.00,unknown,,false,,,,
0x004799C1,52,0x004799F4,sub_4799C1,,,unclassified,0.00,unknown,,false,,,,
0x004799F5,281,0x00479B0D,sub_4799F5,,,unclassified,0.00,unknown,,false,,,,
0x00479B0E,16,0x00479B1D,sub_479B0E,,,unclassified,0.00,unknown,,false,,,,
0x00479B1E,11,0x00479B28,sub_479B1E,,,unclassified,0.00,unknown,,false,,,,
0x00479B29,789,0x00479E3D,sub_479B29,,,unclassified,0.00,unknown,,false,,,,
0x00479E3E,446,0x00479FFB,sub_479E3E,,,unclassified,0.00,unknown,,false,,,,
0x00479FFC,61,0x0047A038,sub_479FFC,,,unclassified,0.00,unknown,,false,,,,
0x0047A039,76,0x0047A084,sub_47A039,,,unclassified,0.00,unknown,,false,,,,
0x0047A085,76,0x0047A0D0,sub_47A085,,,unclassified,0.00,unknown,,false,,,,
0x0047A0D1,993,0x0047A4B1,sub_47A0D1,,,unclassified,0.00,unknown,,false,,,,
0x0047A4B2,52,0x0047A4E5,sub_47A4B2,,,unclassified,0.00,unknown,,false,,,,
0x0047A4E6,1326,0x0047AA13,sub_47A4E6,,,unclassified,0.00,unknown,,false,,,,
0x0047AA3C,17,0x0047AA4C,sub_47AA3C,,,unclassified,0.00,unknown,,false,,,,
0x0047AA4D,901,0x0047ADD1,sub_47AA4D,,,unclassified,0.00,unknown,,false,,,,
0x0047ADD2,127,0x0047AE50,sub_47ADD2,,,unclassified,0.00,unknown,,false,,,,
0x0047AE51,259,0x0047AF53,sub_47AE51,,,unclassified,0.00,unknown,,false,,,,
0x0047AF54,47,0x0047AF82,sub_47AF54,,,unclassified,0.00,unknown,,false,,,,
0x0047AF83,277,0x0047B097,sub_47AF83,,,unclassified,0.00,unknown,,false,,,,
0x0047B098,1261,0x0047B584,sub_47B098,,,unclassified,0.00,unknown,,false,,,,
0x0047B585,1931,0x0047BD0F,sub_47B585,,,unclassified,0.00,unknown,,false,,,,
0x0047BD10,937,0x0047C0B8,sub_47BD10,,,unclassified,0.00,unknown,,false,,,,
0x0047C0B9,3539,0x0047CE8B,sub_47C0B9,,,unclassified,0.00,unknown,,false,,,,
0x0047CE8C,682,0x0047D135,sub_47CE8C,,,unclassified,0.00,unknown,,false,,,,
0x0047D136,6,0x0047D13B,WINNLSEnableIME,,,unclassified,0.00,unknown,,false,,,,
0x0047D13C,87,0x0047D192,_vsprintf,,,unclassified,0.00,unknown,,false,,,,
0x0047D193,128,0x0047D212,__onexit_lk,,,unclassified,0.00,unknown,,false,,,,
0x0047D23B,56,0x0047D272,__onexit,,,unclassified,0.00,unknown,,false,,,,
0x0047D273,18,0x0047D284,_atexit,,,unclassified,0.00,unknown,,false,,,,
0x0047D285,113,0x0047D2F5,_free,,,unclassified,0.00,unknown,,false,,,,
0x0047D2F6,123,0x0047D370,__heap_alloc,,,unclassified,0.00,unknown,,false,,,,
0x0047D371,44,0x0047D39C,__nh_malloc,,,unclassified,0.00,unknown,,false,,,,
0x0047D39D,18,0x0047D3AE,_malloc,,,unclassified,0.00,unknown,,false,,,,
0x0047D3AF,136,0x0047D436,_atol,,,unclassified,0.00,unknown,,false,,,,
0x0047D437,5,0x0047D43B,j__atol,,,unclassified,0.00,unknown,,false,,,,
0x0047D43C,5,0x0047D440,j__free,,,unclassified,0.00,unknown,,false,,,,
0x0047D441,14,0x0047D44E,??2@YAPAXI@Z,,,unclassified,0.00,unknown,,false,,,,
0x0047D44F,88,0x0047D4A6,_sprintf,,,unclassified,0.00,unknown,,false,,,,
0x0047D4B0,45,0x0047D4DC,_strrchr,,,unclassified,0.00,unknown,,false,,,,
0x0047D4E0,829,0x0047D81C,_memcpy,,,unclassified,0.00,unknown,,false,,,,
0x0047D820,829,0x0047DB5C,_memcpy_0,,,unclassified,0.00,unknown,,false,,,,
0x0047DB60,139,0x0047DBEA,_strlen,,,unclassified,0.00,unknown,,false,,,,
0x0047DBF0,96,0x0047DC4F,_memset,,,unclassified,0.00,unknown,,false,,,,
0x0047DC50,44,0x0047DC7B,__mkdir,,,unclassified,0.00,unknown,,false,,,,
0x0047DC7C,52,0x0047DCAF,_sscanf,,,unclassified,0.00,unknown,,false,,,,
0x0047DCB0,57,0x0047DCE8,_strncmp,,,unclassified,0.00,unknown,,false,,,,
0x0047DD00,190,0x0047DDBD,_strchr,,,unclassified,0.00,unknown,,false,,,,
0x0047DDC0,7,0x0047DDC6,_strcpy,,,unclassified,0.00,unknown,,false,,,,
0x0047DDD0,232,0x0047DEB7,_strcat,,,unclassified,0.00,unknown,,false,,,,
0x0047DEB8,384,0x0047E037,_localtime,,,unclassified,0.00,unknown,,false,,,,
0x0047E058,121,0x0047E0D0,__store_num,,,unclassified,0.00,unknown,,false,,,,
0x0047E0D1,576,0x0047E310,sub_47E0D1,,,unclassified,0.00,unknown,,false,,,,
0x0047E311,1042,0x0047E722,sub_47E311,,,unclassified,0.00,unknown,,false,,,,
0x0047E723,164,0x0047E7C6,sub_47E723,,,unclassified,0.00,unknown,,false,,,,
0x0047E7C7,50,0x0047E7F8,__Strftime,,,unclassified,0.00,unknown,,false,,,,
0x0047E7F9,27,0x0047E813,_strftime,,,unclassified,0.00,unknown,,false,,,,
0x0047E814,57,0x0047E84C,_time,,,unclassified,0.00,unknown,,false,,,,
0x0047E84D,156,0x0047E8E8,sub_47E84D,,,unclassified,0.00,unknown,,false,,,,
0x0047E8E9,34,0x0047E90A,_rand,,,unclassified,0.00,unknown,,false,,,,
0x0047E90B,7,0x0047E911,__purecall,,,unclassified,0.00,unknown,,false,,,,
0x0047E914,94,0x0047E971,?__ArrayUnwind@@YGXPAXIHP6EX0@Z@Z,,,unclassified,0.00,unknown,,false,,,,
0x0047E972,96,0x0047E9D1,??_M@YGXPAXIHP6EX0@Z@Z,,,unclassified,0.00,unknown,,false,,,,
0x0047E9D2,98,0x0047EA33,sub_47E9D2,,,unclassified,0.00,unknown,,false,,,,
0x0047EA34,37,0x0047EA58,__amsg_exit,,,unclassified,0.00,unknown,,false,,,,
0x0047EA59,33,0x0047EA79,_fast_error_exit,,,unclassified,0.00,unknown,,false,,,,
0x0047EA7D,466,0x0047EC4E,start,,,unclassified,0.00,unknown,,false,,,,
0x0047EC4F,56,0x0047EC86,__cfltcvt_init,,,unclassified,0.00,unknown,,false,,,,
0x0047EC87,23,0x0047EC9D,__fpmath,,,unclassified,0.00,unknown,,false,,,,
0x0047ECA0,20,0x0047ECB3,__CIacos,,,unclassified,0.00,unknown,,false,,,,
0x0047ECB4,9,0x0047ECBC,_acos,,,unclassified,0.00,unknown,,false,,,,
0x0047ECBD,174,0x0047ED6A,start_0,,,unclassified,0.00,unknown,,false,,,,
0x0047ED6B,154,0x0047EE04,__fpclass,,,unclassified,0.00,unknown,,false,,,,
0x0047EE10,289,0x0047EF30,_floor,,,unclassified,0.00,unknown,,false,,,,
0x0047EF34,39,0x0047EF5A,__ftol,,,unclassified,0.00,unknown,,false,,,,
0x0047EF5C,120,0x0047EFD3,_longjmp,,,unclassified,0.00,unknown,,false,,,,
0x0047EFD4,1,0x0047EFD4,nullsub_7,,,unclassified,0.00,unknown,,false,,,,
0x0047EFD8,123,0x0047F052,__setjmp3,,,unclassified,0.00,unknown,,false,,,,
0x0047F053,58,0x0047F08C,_isdigit,,,unclassified,0.00,unknown,,false,,,,
0x0047F08D,63,0x0047F0CB,_isxdigit,,,unclassified,0.00,unknown,,false,,,,
0x0047F0CC,58,0x0047F105,_isspace,,,unclassified,0.00,unknown,,false,,,,
0x0047F110,63,0x0047F14E,_pow,,,unclassified,0.00,unknown,,false,,,,
0x0047F150,84,0x0047F1A3,__CIpow,,,unclassified,0.00,unknown,,false,,,,
0x0047F1AD,453,0x0047F371,start_1,,,unclassified,0.00,unknown,,false,,,,
0x0047F372,40,0x0047F399,_test_whether_TOS_is_int,,,unclassified,0.00,unknown,,false,,,,
0x0047F3A0,61,0x0047F3DC,__alloca_probe,,,unclassified,0.00,unknown,,false,,,,
0x0047F3DD,43,0x0047F407,?_JumpToContinuation@@YGXPAXPAUEHRegistrationNode@@@Z,,,unclassified,0.00,unknown,,false,,,,
0x0047F40D,7,0x0047F413,sub_47F40D,,,unclassified,0.00,unknown,,false,,,,
0x0047F414,82,0x0047F465,?_UnwindNestedFrames@@YGXPAUEHRegistrationNode@@PAUEHExceptionRecord@@@Z,,,unclassified,0.00,unknown,,false,,,,
0x0047F466,54,0x0047F49B,___CxxFrameHandler,,,unclassified,0.00,unknown,,false,,,,
0x0047F49C,36,0x0047F4BF,?CatchGuardHandler@@YA?AW4_EXCEPTION_DISPOSITION@@PAUEHExceptionRecord@@PAUCatchGuardRN@@PAX2@Z,,,unclassified,0.00,unknown,,false,,,,
0x0047F4C0,113,0x0047F530,?TranslatorGuardHandler@@YA?AW4_EXCEPTION_DISPOSITION@@PAUEHExceptionRecord@@PAUTranslatorGuardRN@@PAX2@Z,,,unclassified,0.00,unknown,,false,,,,
0x0047F531,122,0x0047F5AA,?_GetRangeOfTrysToCheck@@YAPBU_s_TryBlockMapEntry@@PBU_s_FuncInfo@@HHPAI1@Z,,,unclassified,0.00,unknown,,false,,,,
0x0047F5AB,40,0x0047F5D2,sub_47F5AB,,,unclassified,0.00,unknown,,false,,,,
0x0047F5D3,33,0x0047F5F3,?IsExceptionObjectToBeDestroyed@@YAHPAX@Z,,,unclassified,0.00,unknown,,false,,,,
0x0047F5F4,76,0x0047F63F,sub_47F5F4,,,unclassified,0.00,unknown,,false,,,,
0x0047F640,81,0x0047F690,?_CallCatchBlock2@@YAPAXPAUEHRegistrationNode@@PBU_s_FuncInfo@@PAXHK@Z,,,unclassified,0.00,unknown,,false,,,,
0x0047F691,175,0x0047F73F,?_CallSETranslator@@YAHPAUEHExceptionRecord@@PAUEHRegistrationNode@@PAX2PBU_s_FuncInfo@@H1@Z,,,unclassified,0.00,unknown,,false,,,,
0x0047F740,32,0x0047F75F,__global_unwind2,,,unclassified,0.00,unknown,,false,,,,
0x0047F760,34,0x0047F781,__unwind_handler,,,unclassified,0.00,unknown,,false,,,,
0x0047F782,104,0x0047F7E9,__local_unwind2,,,unclassified,0.00,unknown,,false,,,,
0x0047F7EA,35,0x0047F80C,__abnormal_termination,,,unclassified,0.00,unknown,,false,,,,
0x0047F80D,9,0x0047F815,__NLG_Notify1,,,unclassified,0.00,unknown,,false,,,,
0x0047F816,24,0x0047F82D,__NLG_Notify,,,unclassified,0.00,unknown,,false,,,,
0x0047F830,31,0x0047F84E,__EH_prolog,,,unclassified,0.00,unknown,,false,,,,
0x0047F84F,47,0x0047F87D,___crtExitProcess,,,unclassified,0.00,unknown,,false,,,,
0x0047F87F,9,0x0047F887,__lockexit,,,unclassified,0.00,unknown,,false,,,,
0x0047F888,9,0x0047F890,__unlockexit,,,unclassified,0.00,unknown,,false,,,,
0x0047F891,101,0x0047F8F5,sub_47F891,,,unclassified,0.00,unknown,,false,,,,
0x0047F8F6,211,0x0047F9C8,sub_47F8F6,,,unclassified,0.00,unknown,,false,,,,
0x0047F9C9,17,0x0047F9D9,_exit,,,unclassified,0.00,unknown,,false,,,,
0x0047F9DA,17,0x0047F9EA,__exit,,,unclassified,0.00,unknown,,false,,,,
0x0047F9EB,15,0x0047F9F9,__cexit,,,unclassified,0.00,unknown,,false,,,,
0x0047F9FA,15,0x0047FA08,__c_exit,,,unclassified,0.00,unknown,,false,,,,
0x0047FA09,187,0x0047FAC3,sub_47FA09,,,unclassified,0.00,unknown,,false,,,,
0x0047FAC4,281,0x0047FBDC,__flsbuf,,,unclassified,0.00,unknown,,false,,,,
0x0047FBDD,51,0x0047FC0F,_write_char,,,unclassified,0.00,unknown,,false,,,,
0x0047FC10,36,0x0047FC33,_write_multi_char,,,unclassified,0.00,unknown,,false,,,,
0x0047FC34,55,0x0047FC6A,_write_string,,,unclassified,0.00,unknown,,false,,,,
0x0047FC6B,1909,0x004803DF,sub_47FC6B,,,unclassified,0.00,unknown,,false,,,,
0x00480400,429,0x004805AC,_realloc,,,unclassified,0.00,unknown,,false,,,,
0x004805AD,118,0x00480622,__msize,,,unclassified,0.00,unknown,,false,,,,
0x00480624,59,0x0048065E,__SEH_prolog,,,unclassified,0.00,unknown,,false,,,,
0x0048065F,17,0x0048066F,__SEH_epilog,,,unclassified,0.00,unknown,,false,,,,
0x00480670,26,0x00480689,___heap_select,,,unclassified,0.00,unknown,,false,,,,
0x0048068A,81,0x004806DA,__heap_init,,,unclassified,0.00,unknown,,false,,,,
0x004806DB,73,0x00480723,__mtinitlocks,,,unclassified,0.00,unknown,,false,,,,
0x00480724,85,0x00480778,__mtdeletelocks,,,unclassified,0.00,unknown,,false,,,,
0x00480779,21,0x0048078D,__unlock,,,unclassified,0.00,unknown,,false,,,,
0x0048078E,127,0x0048080C,sub_48078E,,,unclassified,0.00,unknown,,false,,,,
0x0048080D,49,0x0048083D,__lock,,,unclassified,0.00,unknown,,false,,,,
0x0048083E,72,0x00480885,___sbh_heap_init,,,unclassified,0.00,unknown,,false,,,,
0x00480886,43,0x004808B0,___sbh_find_block,,,unclassified,0.00,unknown,,false,,,,
0x004808B1,792,0x00480BC8,___sbh_free_block,,,unclassified,0.00,unknown,,false,,,,
0x00480BC9,183,0x00480C7F,___sbh_alloc_new_region,,,unclassified,0.00,unknown,,false,,,,
0x00480C80,262,0x00480D85,___sbh_alloc_new_group,,,unclassified,0.00,unknown,,false,,,,
0x00480D86,735,0x00481064,___sbh_resize_block,,,unclassified,0.00,unknown,,false,,,,
0x00481065,764,0x00481360,___sbh_alloc_block,,,unclassified,0.00,unknown,,false,,,,
0x00481361,27,0x0048137B,__callnewh,,,unclassified,0.00,unknown,,false,,,,
0x0048137C,119,0x004813F2,___isctype_mt,,,unclassified,0.00,unknown,,false,,,,
0x004813F3,202,0x004814BC,___freetlocinfo,,,unclassified,0.00,unknown,,false,,,,
0x004814BD,194,0x0048157E,sub_4814BD,,,unclassified,0.00,unknown,,false,,,,
0x0048157F,59,0x004815B9,___updatetlocinfo,,,unclassified,0.00,unknown,,false,,,,
0x004815BA,30,0x004815D7,__mtterm,,,unclassified,0.00,unknown,,false,,,,
0x004815D8,113,0x00481648,__getptd,,,unclassified,0.00,unknown,,false,,,,
0x00481649,111,0x004816B7,sub_481649,,,unclassified,0.00,unknown,,false,,,,
0x004816C0,52,0x004816F3,__allmul,,,unclassified,0.00,unknown,,false,,,,
0x004816F4,9,0x004816FC,__errno,,,unclassified,0.00,unknown,,false,,,,
0x004816FD,9,0x00481705,___doserrno,,,unclassified,0.00,unknown,,false,,,,
0x00481706,115,0x00481778,__dosmaperr,,,unclassified,0.00,unknown,,false,,,,
0x00481779,22,0x0048178E,__inc,,,unclassified,0.00,unknown,,false,,,,
0x0048178F,2728,0x00482236,sub_48178F,,,unclassified,0.00,unknown,,false,,,,
0x00482237,625,0x004824A7,sub_482237,,,unclassified,0.00,unknown,,false,,,,
0x004824A8,440,0x0048265F,_cvtdate,,,unclassified,0.00,unknown,,false,,,,
0x00482660,395,0x004827EA,__isindst_lk,,,unclassified,0.00,unknown,,false,,,,
0x004827EB,46,0x00482818,sub_4827EB,,,unclassified,0.00,unknown,,false,,,,
0x00482819,32,0x00482838,sub_482819,,,unclassified,0.00,unknown,,false,,,,
0x00482839,263,0x0048293F,_gmtime,,,unclassified,0.00,unknown,,false,,,,
0x00482940,78,0x0048298D,___ascii_stricmp,,,unclassified,0.00,unknown,,false,,,,
0x0048298E,209,0x00482A5E,sub_48298E,,,unclassified,0.00,unknown,,false,,,,
0x00482A60,104,0x00482AC7,__aulldiv,,,unclassified,0.00,unknown,,false,,,,
0x00482AC8,133,0x00482B4C,__mbctoupper,,,unclassified,0.00,unknown,,false,,,,
0x00482B4D,48,0x00482B7C,_report_failure,,,unclassified,0.00,unknown,,false,,,,
0x00482B7E,14,0x00482B8B,sub_482B7E,,,unclassified,0.00,unknown,,false,,,,
0x00482B8C,53,0x00482BC0,?terminate@@YAXXZ,,,unclassified,0.00,unknown,,false,,,,
0x00482BC1,45,0x00482BED,sub_482BC1,,,unclassified,0.00,unknown,,false,,,,
0x00482BEE,375,0x00482D64,sub_482BEE,,,unclassified,0.00,unknown,,false,,,,
0x00482D65,57,0x00482D9D,__FF_MSGBANNER,,,unclassified,0.00,unknown,,false,,,,
0x00482D9E,356,0x00482F01,__XcptFilter,,,unclassified,0.00,unknown,,false,,,,
0x00482F02,105,0x00482F6A,sub_482F02,,,unclassified,0.00,unknown,,false,,,,
0x00482F6B,199,0x00483031,__setenvp,,,unclassified,0.00,unknown,,false,,,,
0x00483032,364,0x0048319D,_parse_cmdline,,,unclassified,0.00,unknown,,false,,,,
0x0048319E,162,0x0048323F,sub_48319E,,,unclassified,0.00,unknown,,false,,,,
0x00483240,290,0x00483361,___crtGetEnvironmentStringsA,,,unclassified,0.00,unknown,,false,,,,
0x00483362,510,0x0048355F,__ioinit,,,unclassified,0.00,unknown,,false,,,,
0x00483560,68,0x004835A3,sub_483560,,,unclassified,0.00,unknown,,false,,,,
0x004835A4,68,0x004835E7,sub_4835A4,,,unclassified,0.00,unknown,,false,,,,
0x004835E8,60,0x00483623,__forcdecpt,,,unclassified,0.00,unknown,,false,,,,
0x00483689,62,0x004836C6,__fassign,,,unclassified,0.00,unknown,,false,,,,
0x004836C7,29,0x004836E3,__shift,,,unclassified,0.00,unknown,,false,,,,
0x004836E4,174,0x00483791,__cftoe2,,,unclassified,0.00,unknown,,false,,,,
0x00483792,116,0x00483805,sub_483792,,,unclassified,0.00,unknown,,false,,,,
0x00483806,156,0x004838A1,__cftof2,,,unclassified,0.00,unknown,,false,,,,
0x004838A2,104,0x00483909,sub_4838A2,,,unclassified,0.00,unknown,,false,,,,
0x0048390A,160,0x004839A9,sub_48390A,,,unclassified,0.00,unknown,,false,,,,
0x004839AA,81,0x004839FA,__cfltcvt,,,unclassified,0.00,unknown,,false,,,,
0x004839FB,18,0x00483A0C,__setdefaultprecision,,,unclassified,0.00,unknown,,false,,,,
0x00483A0D,64,0x00483A4C,__ms_p5_test_fdiv,,,unclassified,0.00,unknown,,false,,,,
0x00483A4D,41,0x00483A75,__ms_p5_mp_test_fdiv,,,unclassified,0.00,unknown,,false,,,,
0x00483A80,103,0x00483AE6,__trandisp1,,,unclassified,0.00,unknown,,false,,,,
0x00483AE7,140,0x00483B72,__trandisp2,,,unclassified,0.00,unknown,,false,,,,
0x00483C39,10,0x00483C42,__rttosnpopde,,,unclassified,0.00,unknown,,false,,,,
0x00483C49,1,0x00483C49,chsifnegret,,,unclassified,0.00,unknown,,false,,,,
0x00483C50,23,0x00483C66,__startTwoArgErrorHandling,,,unclassified,0.00,unknown,,false,,,,
0x00483C67,60,0x00483CA2,__startOneArgErrorHandling,,,unclassified,0.00,unknown,,false,,,,
0x00483CB0,21,0x00483CC4,__twoToTOS,,,unclassified,0.00,unknown,,false,,,,
0x00483CC5,23,0x00483CDB,__load_CW,,,unclassified,0.00,unknown,,false,,,,
0x00483CDC,25,0x00483CF4,__convertTOStoQNaN,,,unclassified,0.00,unknown,,false,,,,
0x00483CF5,67,0x00483D37,__fload_withFB,,,unclassified,0.00,unknown,,false,,,,
0x00483D38,22,0x00483D4D,__checkTOS_withFB,,,unclassified,0.00,unknown,,false,,,,
0x00483D85,20,0x00483D98,__check_overflow_exit,,,unclassified,0.00,unknown,,false,,,,
0x00483D99,163,0x00483E3B,__check_range_exit,,,unclassified,0.00,unknown,,false,,,,
0x00483E3C,42,0x00483E65,__set_exp,,,unclassified,0.00,unknown,,false,,,,
0x00483E66,91,0x00483EC0,__sptype,,,unclassified,0.00,unknown,,false,,,,
0x00483EC1,186,0x00483F7A,__decomp,,,unclassified,0.00,unknown,,false,,,,
0x00483F7B,677,0x0048421F,__raise_exc,,,unclassified,0.00,unknown,,false,,,,
0x00484220,546,0x00484441,__handle_exc,,,unclassified,0.00,unknown,,false,,,,
0x00484442,40,0x00484469,__set_errno,,,unclassified,0.00,unknown,,false,,,,
0x0048446A,45,0x00484496,__errcode,,,unclassified,0.00,unknown,,false,,,,
0x00484497,158,0x00484534,__umatherr,,,unclassified,0.00,unknown,,false,,,,
0x00484535,83,0x00484587,__handle_qnan1,,,unclassified,0.00,unknown,,false,,,,
0x00484588,190,0x00484645,sub_484588,,,unclassified,0.00,unknown,,false,,,,
0x00484646,13,0x00484652,__statfp,,,unclassified,0.00,unknown,,false,,,,
0x00484653,14,0x00484660,__clrfp,,,unclassified,0.00,unknown,,false,,,,
0x00484661,36,0x00484684,__ctrlfp,,,unclassified,0.00,unknown,,false,,,,
0x00484685,89,0x004846DD,__set_statfp,,,unclassified,0.00,unknown,,false,,,,
0x004846DE,660,0x00484971,sub_4846DE,,,unclassified,0.00,unknown,,false,,,,
0x00484972,53,0x004849A6,_has_osfxsr_set,,,unclassified,0.00,unknown,,false,,,,
0x004849FE,209,0x00484ACE,_floor_0,,,unclassified,0.00,unknown,,false,,,,
0x00484ACF,66,0x00484B10,__rt_probe_read4@4,,,unclassified,0.00,unknown,,false,,,,
0x00484B20,25,0x00484B38,__CIpow_pentium4,,,unclassified,0.00,unknown,,false,,,,
0x00484B39,2861,0x00485665,__pow_pentium4,,,unclassified,0.00,unknown,,false,,,,
0x00485757,1,0x00485757,zerotoxdone,,,unclassified,0.00,unknown,,false,,,,
0x004857A2,1,0x004857A2,_expbigret,,,unclassified,0.00,unknown,,false,,,,
0x004857CE,67,0x00485810,__ffexpm1,,,unclassified,0.00,unknown,,false,,,,
0x00485811,37,0x00485835,_isintTOS,,,unclassified,0.00,unknown,,false,,,,
0x00485836,1,0x00485836,_isintTOSret,,,unclassified,0.00,unknown,,false,,,,
0x00485837,7,0x0048583D,notanint,,,unclassified,0.00,unknown,,false,,,,
0x0048583E,7,0x00485844,evenint,,,unclassified,0.00,unknown,,false,,,,
0x00485845,50,0x00485876,_usepowhlp,,,unclassified,0.00,unknown,,false,,,,
0x00485877,106,0x004858E0,__d_inttype,,,unclassified,0.00,unknown,,false,,,,
0x004858E1,354,0x00485A42,__powhlp,,,unclassified,0.00,unknown,,false,,,,
0x00485A43,79,0x00485A91,?TypeMatch@@YAHPBU_s_HandlerType@@PBU_s_CatchableType@@PBU_s_ThrowInfo@@@Z,,,unclassified,0.00,unknown,,false,,,,
0x00485A92,30,0x00485AAF,?FrameUnwindFilter@@YAHPAU_EXCEPTION_POINTERS@@@Z,,,unclassified,0.00,unknown,,false,,,,
0x00485AB0,206,0x00485B7D,sub_485AB0,,,unclassified,0.00,unknown,,false,,,,
0x00485B7E,69,0x00485BC2,___DestructExceptionObject,,,unclassified,0.00,unknown,,false,,,,
0x00485BC3,29,0x00485BDF,?AdjustPointer@@YAPAXPAXABUPMD@@@Z,,,unclassified,0.00,unknown,,false,,,,
0x00485BE0,423,0x00485D86,sub_485BE0,,,unclassified,0.00,unknown,,false,,,,
0x00485D87,380,0x00485F02,?BuildCatchObject@@YAXPAUEHExceptionRecord@@PAXPBU_s_HandlerType@@PBU_s_CatchableType@@@Z,,,unclassified,0.00,unknown,,false,,,,
0x00485F03,103,0x00485F69,?CatchIt@@YAXPAUEHExceptionRecord@@PAUEHRegistrationNode@@PAU_CONTEXT@@PAXPBU_s_FuncInfo@@PBU_s_HandlerType@@PBU_s_CatchableType@@PBU_s_TryBlockMapEntry@@H1E@Z,,,unclassified,0.00,unknown,,false,,,,
0x00485F6A,192,0x00486029,sub_485F6A,,,unclassified,0.00,unknown,,false,,,,
0x0048602A,482,0x0048620B,sub_48602A,,,unclassified,0.00,unknown,,false,,,,
0x0048620C,162,0x004862AD,___InternalCxxFrameHandler,,,unclassified,0.00,unknown,,false,,,,
0x004862B0,76,0x004862FB,__CallSettingFrame@12,,,unclassified,0.00,unknown,,false,,,,
0x004862FC,116,0x0048636F,__lseek_lk,,,unclassified,0.00,unknown,,false,,,,
0x00486370,171,0x0048641A,__lseek,,,unclassified,0.00,unknown,,false,,,,
0x0048641B,421,0x004865BF,sub_48641B,,,unclassified,0.00,unknown,,false,,,,
0x004865C0,171,0x0048666A,sub_4865C0,,,unclassified,0.00,unknown,,false,,,,
0x0048666B,68,0x004866AE,__getbuf,,,unclassified,0.00,unknown,,false,,,,
0x004866AF,42,0x004866D8,__isatty,,,unclassified,0.00,unknown,,false,,,,
0x00486796,47,0x004867C4,__lock_file,,,unclassified,0.00,unknown,,false,,,,
0x004867C5,35,0x004867E7,sub_4867C5,,,unclassified,0.00,unknown,,false,,,,
0x004867E8,47,0x00486816,__unlock_file,,,unclassified,0.00,unknown,,false,,,,
0x00486817,35,0x00486839,sub_486817,,,unclassified,0.00,unknown,,false,,,,
0x0048683A,96,0x00486899,___wctomb_mt,,,unclassified,0.00,unknown,,false,,,,
0x0048689A,39,0x004868C0,_wctomb,,,unclassified,0.00,unknown,,false,,,,
0x004868D0,149,0x00486964,__aulldvrm,,,unclassified,0.00,unknown,,false,,,,
0x00486970,189,0x00486A2C,__except_handler3,,,unclassified,0.00,unknown,,false,,,,
0x00486A2D,27,0x00486A47,__seh_longjmp_unwind@4,,,unclassified,0.00,unknown,,false,,,,
0x00486A48,16,0x00486A57,___crtInitCritSecNoSpinCount@8,,,unclassified,0.00,unknown,,false,,,,
0x00486A58,139,0x00486AE2,___crtInitCritSecAndSpinCount,,,unclassified,0.00,unknown,,false,,,,
0x00486AE3,442,0x00486C9C,___crtGetStringTypeA,,,unclassified,0.00,unknown,,false,,,,
0x00486C9D,400,0x00486E2C,__free_lc_time,,,unclassified,0.00,unknown,,false,,,,
0x00486E2D,95,0x00486E8B,___free_lconv_num,,,unclassified,0.00,unknown,,false,,,,
0x00486E8C,217,0x00486F64,___free_lconv_mon,,,unclassified,0.00,unknown,,false,,,,
0x00486F70,70,0x00486FB5,_strcspn,,,unclassified,0.00,unknown,,false,,,,
0x00486FC0,292,0x004870E3,_strncpy,,,unclassified,0.00,unknown,,false,,,,
0x004870F0,136,0x00487177,_strcmp,,,unclassified,0.00,unknown,,false,,,,
0x00487180,184,0x00487237,_memcmp,,,unclassified,0.00,unknown,,false,,,,
0x00487240,64,0x0048727F,_strpbrk,,,unclassified,0.00,unknown,,false,,,,
0x00487280,47,0x004872AE,_CPtoLCID,,,unclassified,0.00,unknown,,false,,,,
0x004872AF,41,0x004872D7,_setSBCS,,,unclassified,0.00,unknown,,false,,,,
0x004872D8,402,0x00487469,sub_4872D8,,,unclassified,0.00,unknown,,false,,,,
0x0048746A,111,0x004874D8,sub_48746A,,,unclassified,0.00,unknown,,false,,,,
0x004874D9,406,0x0048766E,sub_4874D9,,,unclassified,0.00,unknown,,false,,,,
0x0048766F,336,0x004877BE,sub_48766F,,,unclassified,0.00,unknown,,false,,,,
0x004877BF,30,0x004877DC,___initmbctable,,,unclassified,0.00,unknown,,false,,,,
0x004877DD,225,0x004878BD,__filbuf,,,unclassified,0.00,unknown,,false,,,,
0x004878BE,108,0x00487929,_ungetc,,,unclassified,0.00,unknown,,false,,,,
0x0048792A,192,0x004879E9,___mbtowc_mt,,,unclassified,0.00,unknown,,false,,,,
0x004879EA,43,0x00487A14,_mbtowc,,,unclassified,0.00,unknown,,false,,,,
0x00487A15,129,0x00487A95,_getenv,,,unclassified,0.00,unknown,,false,,,,
0x00487A96,956,0x00487E51,___crtLCMapStringA,,,unclassified,0.00,unknown,,false,,,,
0x00487E52,86,0x00487EA7,___security_init_cookie,,,unclassified,0.00,unknown,,false,,,,
0x00487EA8,330,0x00487FF1,sub_487EA8,,,unclassified,0.00,unknown,,false,,,,
0x00487FF2,23,0x00488008,_abort,,,unclassified,0.00,unknown,,false,,,,
0x0048800A,249,0x00488102,___crtMessageBoxA,,,unclassified,0.00,unknown,,false,,,,
0x00488103,49,0x00488133,_x_ismbbtype,,,unclassified,0.00,unknown,,false,,,,
0x00488134,17,0x00488144,__ismbblead,,,unclassified,0.00,unknown,,false,,,,
0x00488145,200,0x0048820C,___tolower_mt,,,unclassified,0.00,unknown,,false,,,,
0x0048820D,34,0x0048822E,_tolower,,,unclassified,0.00,unknown,,false,,,,
0x0048822F,50,0x00488260,__ZeroTail,,,unclassified,0.00,unknown,,false,,,,
0x00488261,77,0x004882AD,__IncMan,,,unclassified,0.00,unknown,,false,,,,
0x004882AE,114,0x0048831F,__RoundMan,,,unclassified,0.00,unknown,,false,,,,
0x00488320,27,0x0048833A,__CopyMan,,,unclassified,0.00,unknown,,false,,,,
0x0048833B,25,0x00488353,__IsZeroMan,,,unclassified,0.00,unknown,,false,,,,
0x00488354,123,0x004883CE,__ShrMan,,,unclassified,0.00,unknown,,false,,,,
0x004883CF,344,0x00488526,__ld12cvt,,,unclassified,0.00,unknown,,false,,,,
0x00488527,22,0x0048853C,sub_488527,,,unclassified,0.00,unknown,,false,,,,
0x0048853D,22,0x00488552,sub_48853D,,,unclassified,0.00,unknown,,false,,,,
0x00488553,67,0x00488595,sub_488553,,,unclassified,0.00,unknown,,false,,,,
0x00488596,67,0x004885D8,sub_488596,,,unclassified,0.00,unknown,,false,,,,
0x004885D9,119,0x0048864F,__fptostr,,,unclassified,0.00,unknown,,false,,,,
0x00488650,186,0x00488709,___dtold,,,unclassified,0.00,unknown,,false,,,,
0x0048870A,114,0x0048877B,sub_48870A,,,unclassified,0.00,unknown,,false,,,,
0x0048877C,7,0x00488782,__fptrap,,,unclassified,0.00,unknown,,false,,,,
0x00488785,146,0x00488816,__abstract_cw,,,unclassified,0.00,unknown,,false,,,,
0x00488817,142,0x004888A4,__hw_cw,,,unclassified,0.00,unknown,,false,,,,
0x004888A5,50,0x004888D6,__control87,,,unclassified,0.00,unknown,,false,,,,
0x004888D7,22,0x004888EC,__controlfp,,,unclassified,0.00,unknown,,false,,,,
0x004888ED,254,0x004889EA,sub_4888ED,,,unclassified,0.00,unknown,,false,,,,
0x004889EB,3,0x004889ED,sub_4889EB,,,unclassified,0.00,unknown,,false,,,,
0x004889EE,19,0x00488A00,__frnd,,,unclassified,0.00,unknown,,false,,,,
0x00488A10,279,0x00488B26,unknown_libname_6,,,unclassified,0.00,unknown,,false,,,,
0x00488B27,1183,0x00488FC5,unknown_libname_7,,,unclassified,0.00,unknown,,false,,,,
0x00488FC6,19,0x00488FD8,unknown_libname_8,,,unclassified,0.00,unknown,,false,,,,
0x00488FD9,19,0x00488FEB,unknown_libname_9,,,unclassified,0.00,unknown,,false,,,,
0x004891EC,21,0x00489200,unknown_libname_18,,,unclassified,0.00,unknown,,false,,,,
0x00489201,21,0x00489215,unknown_libname_19,,,unclassified,0.00,unknown,,false,,,,
0x00489216,518,0x0048941B,unknown_libname_20,,,unclassified,0.00,unknown,,false,,,,
0x0048941C,178,0x004894CD,unknown_libname_21,,,unclassified,0.00,unknown,,false,,,,
0x004894CE,518,0x004896D3,unknown_libname_22,,,unclassified,0.00,unknown,,false,,,,
0x004896D4,181,0x00489788,unknown_libname_23,,,unclassified,0.00,unknown,,false,,,,
0x0048979B,70,0x004897E0,?__CxxUnhandledExceptionFilter@@YGJPAU_EXCEPTION_POINTERS@@@Z,,,unclassified,0.00,unknown,,false,,,,
0x00489801,28,0x0048981C,?_ValidateRead@@YAHPBXI@Z,,,unclassified,0.00,unknown,,false,,,,
0x0048981D,28,0x00489838,?_ValidateWrite@@YAHPAXI@Z,,,unclassified,0.00,unknown,,false,,,,
0x00489839,24,0x00489850,?_ValidateExecute@@YAHP6GHXZ@Z,,,unclassified,0.00,unknown,,false,,,,
0x00489851,127,0x004898CF,__free_osfhnd,,,unclassified,0.00,unknown,,false,,,,
0x004898D0,65,0x00489910,__get_osfhandle,,,unclassified,0.00,unknown,,false,,,,
0x00489911,115,0x00489983,sub_489911,,,unclassified,0.00,unknown,,false,,,,
0x00489984,34,0x004899A5,__unlock_fhandle,,,unclassified,0.00,unknown,,false,,,,
0x004899A6,131,0x00489A28,__lseeki64_lk,,,unclassified,0.00,unknown,,false,,,,
0x00489A29,155,0x00489AC3,__fcloseall,,,unclassified,0.00,unknown,,false,,,,
0x00489AC4,93,0x00489B20,__flush,,,unclassified,0.00,unknown,,false,,,,
0x00489B21,46,0x00489B4E,__fflush_lk,,,unclassified,0.00,unknown,,false,,,,
0x00489B4F,213,0x00489C23,sub_489B4F,,,unclassified,0.00,unknown,,false,,,,
0x00489C24,9,0x00489C2C,sub_489C24,,,unclassified,0.00,unknown,,false,,,,
0x00489C2D,73,0x00489C75,sub_489C2D,,,unclassified,0.00,unknown,,false,,,,
0x00489C76,463,0x00489E44,sub_489C76,,,unclassified,0.00,unknown,,false,,,,
0x00489E45,105,0x00489EAD,__stricmp,,,unclassified,0.00,unknown,,false,,,,
0x00489EAE,461,0x0048A07A,__read_lk,,,unclassified,0.00,unknown,,false,,,,
0x0048A07B,171,0x0048A125,__read,,,unclassified,0.00,unknown,,false,,,,
0x0048A126,78,0x0048A173,__mbsnbicoll,,,unclassified,0.00,unknown,,false,,,,
0x0048A174,107,0x0048A1DE,___wtomb_environ,,,unclassified,0.00,unknown,,false,,,,
0x0048A1DF,46,0x0048A20C,_siglookup,,,unclassified,0.00,unknown,,false,,,,
0x0048A20D,377,0x0048A385,_raise,,,unclassified,0.00,unknown,,false,,,,
0x0048A386,33,0x0048A3A6,___addl,,,unclassified,0.00,unknown,,false,,,,
0x0048A3A7,94,0x0048A404,___add_12,,,unclassified,0.00,unknown,,false,,,,
0x0048A405,46,0x0048A432,___shl_12,,,unclassified,0.00,unknown,,false,,,,
0x0048A433,45,0x0048A45F,___shr_12,,,unclassified,0.00,unknown,,false,,,,
0x0048A460,228,0x0048A543,sub_48A460,,,unclassified,0.00,unknown,,false,,,,
0x0048A544,1034,0x0048A94D,sub_48A544,,,unclassified,0.00,unknown,,false,,,,
0x0048A97E,660,0x0048AC11,sub_48A97E,,,unclassified,0.00,unknown,,false,,,,
0x0048AC12,76,0x0048AC5D,__fclose_lk,,,unclassified,0.00,unknown,,false,,,,
0x0048AC5E,81,0x0048ACAE,_fclose,,,unclassified,0.00,unknown,,false,,,,
0x0048ACAF,188,0x0048AD6A,__commit,,,unclassified,0.00,unknown,,false,,,,
0x0048AD70,97,0x0048ADD0,___ascii_strnicmp,,,unclassified,0.00,unknown,,false,,,,
0x0048ADD1,28,0x0048ADEC,_strncnt,,,unclassified,0.00,unknown,,false,,,,
0x0048ADED,906,0x0048B176,sub_48ADED,,,unclassified,0.00,unknown,,false,,,,
0x0048B177,77,0x0048B1C3,_findenv,,,unclassified,0.00,unknown,,false,,,,
0x0048B1C4,97,0x0048B224,_copy_environ,,,unclassified,0.00,unknown,,false,,,,
0x0048B225,437,0x0048B3D9,___crtsetenv,,,unclassified,0.00,unknown,,false,,,,
0x0048B3DA,568,0x0048B611,sub_48B3DA,,,unclassified,0.00,unknown,,false,,,,
0x0048B612,140,0x0048B69D,sub_48B612,,,unclassified,0.00,unknown,,false,,,,
0x0048B69E,131,0x0048B720,__close_lk,,,unclassified,0.00,unknown,,false,,,,
0x0048B721,155,0x0048B7BB,__close,,,unclassified,0.00,unknown,,false,,,,
0x0048B7BC,43,0x0048B7E6,__freebuf,,,unclassified,0.00,unknown,,false,,,,
0x0048B7E7,43,0x0048B811,__strdup,,,unclassified,0.00,unknown,,false,,,,
0x0048B812,123,0x0048B88C,__mbschr,,,unclassified,0.00,unknown,,false,,,,
0x0048B890,6,0x0048B895,RtlUnwind,,,unclassified,0.00,unknown,,false,,,,
0x0048B8A0,117,0x0048B914,__ftol2,,,unclassified,0.00,unknown,,false,,,,
0x0048B920,20,0x0048B933,__CItan,,,unclassified,0.00,unknown,,false,,,,
0x0048B934,9,0x0048B93C,_tan,,,unclassified,0.00,unknown,,false,,,,
0x0048B93D,149,0x0048B9D1,start_2,,,unclassified,0.00,unknown,,false,,,,
0x0048B9E0,63,0x0048BA1E,_atan,,,unclassified,0.00,unknown,,false,,,,
0x0048BA20,79,0x0048BA6E,__CIatan,,,unclassified,0.00,unknown,,false,,,,
0x0048BA78,130,0x0048BAF9,start_3,,,unclassified,0.00,unknown,,false,,,,
0x0048BB00,10,0x0048BB09,_fmod,,,unclassified,0.00,unknown,,false,,,,
0x0048BB0A,10,0x0048BB13,__CIfmod,,,unclassified,0.00,unknown,,false,,,,
0x0048BB40,20,0x0048BB53,__CIsin,,,unclassified,0.00,unknown,,false,,,,
0x0048BB54,9,0x0048BB5C,_sin,,,unclassified,0.00,unknown,,false,,,,
0x0048BB5D,145,0x0048BBED,start_4,,,unclassified,0.00,unknown,,false,,,,
0x0048BBF0,20,0x0048BC03,__CIcos,,,unclassified,0.00,unknown,,false,,,,
0x0048BC04,9,0x0048BC0C,_cos,,,unclassified,0.00,unknown,,false,,,,
0x0048BC0D,145,0x0048BC9D,start_5,,,unclassified,0.00,unknown,,false,,,,
0x0048BCA0,10,0x0048BCA9,sub_48BCA0,,,unclassified,0.00,unknown,,false,,,,
0x0048BCAA,10,0x0048BCB3,sub_48BCAA,,,unclassified,0.00,unknown,,false,,,,
0x0048BCC0,20,0x0048BCD3,__CIsqrt,,,unclassified,0.00,unknown,,false,,,,
0x0048BCD4,9,0x0048BCDC,_sqrt,,,unclassified,0.00,unknown,,false,,,,
0x0048BCDD,157,0x0048BD79,start_6,,,unclassified,0.00,unknown,,false,,,,
0x0048BD80,24,0x0048BD97,__CIatan_pentium4,,,unclassified,0.00,unknown,,false,,,,
0x0048BD9E,717,0x0048C06A,start_7,,,unclassified,0.00,unknown,,false,,,,
0x0048C070,62,0x0048C0AD,__cintrindisp2,,,unclassified,0.00,unknown,,false,,,,
0x0048C0AE,61,0x0048C0EA,__cintrindisp1,,,unclassified,0.00,unknown,,false,,,,
0x0048C0EB,72,0x0048C132,__ctrandisp2,,,unclassified,0.00,unknown,,false,,,,
0x0048C133,7,0x0048C139,ctranexit,,,unclassified,0.00,unknown,,false,,,,
0x0048C13A,327,0x0048C280,cintrinexit,,,unclassified,0.00,unknown,,false,,,,
0x0048C281,51,0x0048C2B3,__ctrandisp1,,,unclassified,0.00,unknown,,false,,,,
0x0048C2B4,60,0x0048C2EF,__fload,,,unclassified,0.00,unknown,,false,,,,
0x0048C32B,1,0x0048C32B,PatanDone,,,unclassified,0.00,unknown,,false,,,,
0x0048C32C,48,0x0048C35B,AugmentSinCos,,,unclassified,0.00,unknown,,false,,,,
0x0048C35C,9,0x0048C364,__rtpiby2,,,unclassified,0.00,unknown,,false,,,,
0x0048C375,1,0x0048C375,postv,,,unclassified,0.00,unknown,,false,,,,
0x0048CBA0,15,0x0048CBAE,sub_48CBA0,,,unclassified,0.00,unknown,,false,,,,
0x0048CBB0,15,0x0048CBBE,sub_48CBB0,,,unclassified,0.00,unknown,,false,,,,
0x0048CBC0,15,0x0048CBCE,sub_48CBC0,,,unclassified,0.00,unknown,,false,,,,
0x0048CBD0,15,0x0048CBDE,sub_48CBD0,,,unclassified,0.00,unknown,,false,,,,
0x0048CBE0,15,0x0048CBEE,sub_48CBE0,,,unclassified,0.00,unknown,,false,,,,
0x0048CBF0,15,0x0048CBFE,sub_48CBF0,,,unclassified,0.00,unknown,,false,,,,
0x0048CC00,15,0x0048CC0E,sub_48CC00,,,unclassified,0.00,unknown,,false,,,,
0x0048CC10,15,0x0048CC1E,sub_48CC10,,,unclassified,0.00,unknown,,false,,,,
0x0048CC20,15,0x0048CC2E,sub_48CC20,,,unclassified,0.00,unknown,,false,,,,
0x0048CC30,15,0x0048CC3E,sub_48CC30,,,unclassified,0.00,unknown,,false,,,,
0x0048CC40,15,0x0048CC4E,sub_48CC40,,,unclassified,0.00,unknown,,false,,,,
0x0048CC50,15,0x0048CC5E,sub_48CC50,,,unclassified,0.00,unknown,,false,,,,
0x0048CC60,15,0x0048CC6E,sub_48CC60,,,unclassified,0.00,unknown,,false,,,,
0x0048CC70,15,0x0048CC7E,sub_48CC70,,,unclassified,0.00,unknown,,false,,,,
0x0048CC7F,15,0x0048CC8D,sub_48CC7F,,,unclassified,0.00,unknown,,false,,,,
0x0048CC8E,15,0x0048CC9C,sub_48CC8E,,,unclassified,0.00,unknown,,false,,,,
0x0048CC9D,15,0x0048CCAB,sub_48CC9D,,,unclassified,0.00,unknown,,false,,,,
0x0048CCAC,15,0x0048CCBA,sub_48CCAC,,,unclassified,0.00,unknown,,false,,,,
0x0048CCC0,15,0x0048CCCE,sub_48CCC0,,,unclassified,0.00,unknown,,false,,,,
0x0048CCD0,5,0x0048CCD4,sub_48CCD0,,,unclassified,0.00,unknown,,false,,,,
0x0048CCE0,15,0x0048CCEE,sub_48CCE0,,,unclassified,0.00,unknown,,false,,,,
0x0048CCF0,5,0x0048CCF4,sub_48CCF0,,,unclassified,0.00,unknown,,false,,,,
0x0048CD00,15,0x0048CD0E,sub_48CD00,,,unclassified,0.00,unknown,,false,,,,
0x0048CD10,15,0x0048CD1E,sub_48CD10,,,unclassified,0.00,unknown,,false,,,,
0x0048CD20,24,0x0048CD37,sub_48CD20,,,unclassified,0.00,unknown,,false,,,,
